Datetime,Close,EMA_12,EMA_26,MACD,MACD_Signal,Hist
2021-01-28 09:30:00-05:00,100.16999816894531,,,,,
2021-01-28 09:45:00-05:00,99.56999969482422,,,,,
2021-01-28 10:00:00-05:00,99.38999938964844,,,,,
2021-01-28 10:15:00-05:00,99.4499969482422,,,,,
2021-01-28 10:30:00-05:00,99.9499969482422,,,,,
2021-01-28 10:45:00-05:00,101.01000213623048,,,,,
2021-01-28 11:00:00-05:00,101.62999725341795,,,,,
2021-01-28 11:15:00-05:00,100.9000015258789,,,,,
2021-01-28 11:30:00-05:00,101.52999877929688,,,,,
2021-01-28 11:45:00-05:00,101.75,,,,,
2021-01-28 12:00:00-05:00,101.62000274658205,,,,,
2021-01-28 12:15:00-05:00,101.87999725341795,,,,,
2021-01-28 12:30:00-05:00,102.31999969482422,,,,,
2021-01-28 12:45:00-05:00,102.15499877929688,,,,,
2021-01-28 13:00:00-05:00,101.5,,,,,
2021-01-28 13:15:00-05:00,102.2750015258789,,,,,
2021-01-28 13:30:00-05:00,102.45999908447266,,,,,
2021-01-28 13:45:00-05:00,102.4531021118164,,,,,
2021-01-28 14:00:00-05:00,102.54000091552734,,,,,
2021-01-28 14:15:00-05:00,101.94499969482422,,,,,
2021-01-28 14:30:00-05:00,102.09500122070312,,,,,
2021-01-28 14:45:00-05:00,102.25,,,,,
2021-01-28 15:00:00-05:00,102.33999633789062,,,,,
2021-01-28 15:15:00-05:00,101.94000244140624,,,,,
2021-01-28 15:30:00-05:00,102.08999633789062,,,,,
2021-01-28 15:45:00-05:00,101.51000213623048,,,,,
2021-01-29 09:30:00-05:00,99.91000366210938,,,,,
2021-01-29 09:45:00-05:00,100.18000030517578,,,,,
2021-01-29 10:00:00-05:00,100.80999755859376,,,,,
2021-01-29 10:15:00-05:00,101.5,,,,,
2021-01-29 10:30:00-05:00,100.25,,,,,
2021-01-29 10:45:00-05:00,100.25,,,,,
2021-01-29 11:00:00-05:00,99.36499786376952,,,,,
2021-01-29 11:15:00-05:00,99.43000030517578,,,,,
2021-01-29 11:30:00-05:00,99.56500244140624,,,,,
2021-01-29 11:45:00-05:00,99.37000274658205,,,,,
2021-01-29 12:00:00-05:00,99.11000061035156,,,,,
2021-01-29 12:15:00-05:00,98.70590209960938,,,,,
2021-01-29 12:30:00-05:00,97.87000274658205,,,,,
2021-01-29 12:45:00-05:00,97.76000213623048,,,,,
2021-01-29 13:00:00-05:00,97.61000061035156,,,,,
2021-01-29 13:15:00-05:00,98.6500015258789,,,,,
2021-01-29 13:30:00-05:00,98.37000274658205,,,,,
2021-01-29 13:45:00-05:00,98.0999984741211,,,,,
2021-01-29 14:00:00-05:00,98.98999786376952,,,,,
2021-01-29 14:15:00-05:00,98.5,,,,,
2021-01-29 14:30:00-05:00,98.43000030517578,,,,,
2021-01-29 14:45:00-05:00,98.66500091552734,,,,,
2021-01-29 15:00:00-05:00,98.7699966430664,,,,,
2021-01-29 15:15:00-05:00,98.62000274658205,,,,,
2021-01-29 15:30:00-05:00,98.8000030517578,,,,,
2021-01-29 15:45:00-05:00,98.23999786376952,,,,,
2021-02-01 09:30:00-05:00,100.13999938964844,,,,,
2021-02-01 09:45:00-05:00,99.6050033569336,,,,,
2021-02-01 10:00:00-05:00,100.37999725341795,,,,,
2021-02-01 10:15:00-05:00,100.52999877929688,,,,,
2021-02-01 10:30:00-05:00,99.87999725341795,,,,,
2021-02-01 10:45:00-05:00,99.0999984741211,,,,,
2021-02-01 11:00:00-05:00,99.41000366210938,,,,,
2021-02-01 11:15:00-05:00,99.91999816894531,,,,,
2021-02-01 11:30:00-05:00,99.87000274658205,,,,,
2021-02-01 11:45:00-05:00,100.26000213623048,,,,,
2021-02-01 12:00:00-05:00,100.34500122070312,,,,,
2021-02-01 12:15:00-05:00,100.33999633789062,,,,,
2021-02-01 12:30:00-05:00,100.26000213623048,,,,,
2021-02-01 12:45:00-05:00,100.80999755859376,,,,,
2021-02-01 13:00:00-05:00,100.91000366210938,,,,,
2021-02-01 13:15:00-05:00,100.79000091552734,,,,,
2021-02-01 13:30:00-05:00,100.80999755859376,,,,,
2021-02-01 13:45:00-05:00,101.46499633789062,,,,,
2021-02-01 14:00:00-05:00,101.8499984741211,,,,,
2021-02-01 14:15:00-05:00,101.9499969482422,,,,,
2021-02-01 14:30:00-05:00,101.72000122070312,,,,,
2021-02-01 14:45:00-05:00,101.83000183105469,,,,,
2021-02-01 15:00:00-05:00,102.52999877929688,,,,,
2021-02-01 15:15:00-05:00,102.5999984741211,,,,,
2021-02-01 15:30:00-05:00,102.08000183105469,,,,,
2021-02-01 15:45:00-05:00,102.08000183105469,,,,,
2021-02-02 09:30:00-05:00,102.52999877929688,,,,,
2021-02-02 09:45:00-05:00,100.86000061035156,,,,,
2021-02-02 10:00:00-05:00,101.06999969482422,,,,,
2021-02-02 10:15:00-05:00,100.37999725341795,,,,,
2021-02-02 10:30:00-05:00,99.37999725341795,,,,,
2021-02-02 10:45:00-05:00,98.49500274658205,,,,,
2021-02-02 11:00:00-05:00,98.4000015258789,,,,,
2021-02-02 11:15:00-05:00,98.94000244140624,,,,,
2021-02-02 11:30:00-05:00,98.72000122070312,,,,,
2021-02-02 11:45:00-05:00,99.41000366210938,,,,,
2021-02-02 12:00:00-05:00,98.70570373535156,,,,,
2021-02-02 12:15:00-05:00,98.36499786376952,,,,,
2021-02-02 12:30:00-05:00,98.55999755859376,,,,,
2021-02-02 12:45:00-05:00,98.11499786376952,,,,,
2021-02-02 13:00:00-05:00,97.9499969482422,,,,,
2021-02-02 13:15:00-05:00,98.16000366210938,,,,,
2021-02-02 13:30:00-05:00,98.0199966430664,,,,,
2021-02-02 13:45:00-05:00,97.93000030517578,,,,,
2021-02-02 14:00:00-05:00,98.0500030517578,,,,,
2021-02-02 14:15:00-05:00,98.05999755859376,,,,,
2021-02-02 14:30:00-05:00,97.93000030517578,,,,,
2021-02-02 14:45:00-05:00,97.95999908447266,,,,,
2021-02-02 15:00:00-05:00,97.77999877929688,,,,,
2021-02-02 15:15:00-05:00,98.44000244140624,,,,,
2021-02-02 15:30:00-05:00,98.18499755859376,,,,,
2021-02-02 15:45:00-05:00,98.13999938964844,,,,,
2021-02-03 09:30:00-05:00,98.01000213623048,,,,,
2021-02-03 09:45:00-05:00,98.2750015258789,,,,,
2021-02-03 10:00:00-05:00,97.47000122070312,,,,,
2021-02-03 10:15:00-05:00,96.0,,,,,
2021-02-03 10:30:00-05:00,96.62000274658205,,,,,
2021-02-03 10:45:00-05:00,96.17960357666016,,,,,
2021-02-03 11:00:00-05:00,96.01000213623048,,,,,
2021-02-03 11:15:00-05:00,95.55999755859376,,,,,
2021-02-03 11:30:00-05:00,95.88999938964844,,,,,
2021-02-03 11:45:00-05:00,95.79000091552734,,,,,
2021-02-03 12:00:00-05:00,95.51000213623048,,,,,
2021-02-03 12:15:00-05:00,95.6050033569336,,,,,
2021-02-03 12:30:00-05:00,95.72000122070312,,,,,
2021-02-03 12:45:00-05:00,95.6449966430664,,,,,
2021-02-03 13:00:00-05:00,95.56999969482422,,,,,
2021-02-03 13:15:00-05:00,95.2300033569336,,,,,
2021-02-03 13:30:00-05:00,95.76000213623048,,,,,
2021-02-03 13:45:00-05:00,95.68000030517578,,,,,
2021-02-03 14:00:00-05:00,95.79499816894531,,,,,
2021-02-03 14:15:00-05:00,95.51499938964844,,,,,
2021-02-03 14:30:00-05:00,95.2063980102539,,,,,
2021-02-03 14:45:00-05:00,95.26180267333984,,,,,
2021-02-03 15:00:00-05:00,95.3499984741211,,,,,
2021-02-03 15:15:00-05:00,95.11000061035156,,,,,
2021-02-03 15:30:00-05:00,95.83000183105469,,,,,
2021-02-03 15:45:00-05:00,95.47000122070312,,,,,
2021-02-04 09:30:00-05:00,95.51730346679688,,,,,
2021-02-04 09:45:00-05:00,95.62000274658205,,,,,
2021-02-04 10:00:00-05:00,95.16999816894531,,,,,
2021-02-04 10:15:00-05:00,94.8499984741211,,,,,
2021-02-04 10:30:00-05:00,95.73999786376952,,,,,
2021-02-04 10:45:00-05:00,96.19000244140624,,,,,
2021-02-04 11:00:00-05:00,95.86000061035156,,,,,
2021-02-04 11:15:00-05:00,95.1999969482422,,,,,
2021-02-04 11:30:00-05:00,95.48999786376952,,,,,
2021-02-04 11:45:00-05:00,95.88999938964844,,,,,
2021-02-04 12:00:00-05:00,96.1500015258789,,,,,
2021-02-04 12:15:00-05:00,96.2300033569336,,,,,
2021-02-04 12:30:00-05:00,96.37999725341795,,,,,
2021-02-04 12:45:00-05:00,95.94000244140624,,,,,
2021-02-04 13:00:00-05:00,96.1500015258789,,,,,
2021-02-04 13:15:00-05:00,95.94000244140624,,,,,
2021-02-04 13:30:00-05:00,95.79000091552734,,,,,
2021-02-04 13:45:00-05:00,95.6999969482422,,,,,
2021-02-04 14:00:00-05:00,95.37999725341795,,,,,
2021-02-04 14:15:00-05:00,95.31999969482422,,,,,
2021-02-04 14:30:00-05:00,95.06999969482422,,,,,
2021-02-04 14:45:00-05:00,94.63999938964844,,,,,
2021-02-04 15:00:00-05:00,94.7300033569336,,,,,
2021-02-04 15:15:00-05:00,94.9499969482422,,,,,
2021-02-04 15:30:00-05:00,95.2699966430664,,,,,
2021-02-04 15:45:00-05:00,95.91999816894531,,,,,
2021-02-05 09:30:00-05:00,96.3499984741211,,,,,
2021-02-05 09:45:00-05:00,95.8000030517578,,,,,
2021-02-05 10:00:00-05:00,95.61000061035156,,,,,
2021-02-05 10:15:00-05:00,95.31500244140624,,,,,
2021-02-05 10:30:00-05:00,95.08000183105469,,,,,
2021-02-05 10:45:00-05:00,94.52999877929688,,,,,
2021-02-05 11:00:00-05:00,94.5999984741211,,,,,
2021-02-05 11:15:00-05:00,94.91999816894531,,,,,
2021-02-05 11:30:00-05:00,94.88999938964844,,,,,
2021-02-05 11:45:00-05:00,94.8499984741211,,,,,
2021-02-05 12:00:00-05:00,94.95999908447266,,,,,
2021-02-05 12:15:00-05:00,94.62000274658205,,,,,
2021-02-05 12:30:00-05:00,94.70999908447266,,,,,
2021-02-05 12:45:00-05:00,94.72000122070312,,,,,
2021-02-05 13:00:00-05:00,94.83999633789062,,,,,
2021-02-05 13:15:00-05:00,94.72000122070312,,,,,
2021-02-05 13:30:00-05:00,94.28089904785156,,,,,
2021-02-05 13:45:00-05:00,94.3249969482422,,,,,
2021-02-05 14:00:00-05:00,95.0500030517578,,,,,
2021-02-05 14:15:00-05:00,95.12999725341795,,,,,
2021-02-05 14:30:00-05:00,95.02999877929688,,,,,
2021-02-05 14:45:00-05:00,95.05999755859376,,,,,
2021-02-05 15:00:00-05:00,94.86000061035156,,,,,
2021-02-05 15:15:00-05:00,94.6500015258789,,,,,
2021-02-05 15:30:00-05:00,94.7790985107422,,,,,
2021-02-05 15:45:00-05:00,94.37000274658205,,,,,
2021-02-08 09:30:00-05:00,96.45999908447266,,,,,
2021-02-08 09:45:00-05:00,97.25409698486328,,,,,
2021-02-08 10:00:00-05:00,97.05999755859376,,,,,
2021-02-08 10:15:00-05:00,96.31999969482422,,,,,
2021-02-08 10:30:00-05:00,96.6500015258789,,,,,
2021-02-08 10:45:00-05:00,96.80500030517578,,,,,
2021-02-08 11:00:00-05:00,96.49500274658205,,,,,
2021-02-08 11:15:00-05:00,96.43560028076172,,,,,
2021-02-08 11:30:00-05:00,96.5,,,,,
2021-02-08 11:45:00-05:00,96.75499725341795,,,,,
2021-02-08 12:00:00-05:00,96.6999969482422,,,,,
2021-02-08 12:15:00-05:00,96.6999969482422,,,,,
2021-02-08 12:30:00-05:00,96.69000244140624,,,,,
2021-02-08 12:45:00-05:00,96.4749984741211,,,,,
2021-02-08 13:00:00-05:00,96.4749984741211,,,,,
2021-02-08 13:15:00-05:00,96.5,,,,,
2021-02-08 13:30:00-05:00,96.7699966430664,,,,,
2021-02-08 13:45:00-05:00,96.63999938964844,,,,,
2021-02-08 14:00:00-05:00,96.7594985961914,,,,,
2021-02-08 14:15:00-05:00,96.63500213623048,,,,,
2021-02-08 14:30:00-05:00,96.4749984741211,,,,,
2021-02-08 14:45:00-05:00,96.47000122070312,,,,,
2021-02-08 15:00:00-05:00,96.58999633789062,,,,,
2021-02-08 15:15:00-05:00,97.04000091552734,,,,,
2021-02-08 15:30:00-05:00,96.83000183105469,,,,,
2021-02-08 15:45:00-05:00,96.6999969482422,,,,,
2021-02-09 09:30:00-05:00,95.9000015258789,,,,,
2021-02-09 09:45:00-05:00,95.88999938964844,,,,,
2021-02-09 10:00:00-05:00,96.96499633789062,,,,,
2021-02-09 10:15:00-05:00,97.20999908447266,,,,,
2021-02-09 10:30:00-05:00,97.03500366210938,,,,,
2021-02-09 10:45:00-05:00,97.06999969482422,,,,,
2021-02-09 11:00:00-05:00,96.96499633789062,,,,,
2021-02-09 11:15:00-05:00,96.27999877929688,,,,,
2021-02-09 11:30:00-05:00,96.59500122070312,,,,,
2021-02-09 11:45:00-05:00,96.77999877929688,,,,,
2021-02-09 12:00:00-05:00,97.08000183105469,,,,,
2021-02-09 12:15:00-05:00,96.9000015258789,,,,,
2021-02-09 12:30:00-05:00,96.69000244140624,,,,,
2021-02-09 12:45:00-05:00,96.6125030517578,,,,,
2021-02-09 13:00:00-05:00,96.44499969482422,,,,,
2021-02-09 13:15:00-05:00,96.11499786376952,,,,,
2021-02-09 13:30:00-05:00,96.41999816894531,,,,,
2021-02-09 13:45:00-05:00,96.22000122070312,,,,,
2021-02-09 14:00:00-05:00,96.4000015258789,,,,,
2021-02-09 14:15:00-05:00,96.38999938964844,,,,,
2021-02-09 14:30:00-05:00,96.2300033569336,,,,,
2021-02-09 14:45:00-05:00,96.29000091552734,,,,,
2021-02-09 15:00:00-05:00,96.25,,,,,
2021-02-09 15:15:00-05:00,96.28679656982422,,,,,
2021-02-09 15:30:00-05:00,96.4800033569336,,,,,
2021-02-09 15:45:00-05:00,96.06999969482422,,,,,
2021-02-10 09:30:00-05:00,96.5749969482422,,,,,
2021-02-10 09:45:00-05:00,98.3249969482422,,,,,
2021-02-10 10:00:00-05:00,97.83999633789062,,,,,
2021-02-10 10:15:00-05:00,97.00250244140624,,,,,
2021-02-10 10:30:00-05:00,95.9875030517578,,,,,
2021-02-10 10:45:00-05:00,96.79000091552734,,,,,
2021-02-10 11:00:00-05:00,97.4800033569336,,,,,
2021-02-10 11:15:00-05:00,96.81999969482422,,,,,
2021-02-10 11:30:00-05:00,97.16999816894531,,,,,
2021-02-10 11:45:00-05:00,97.48500061035156,,,,,
2021-02-10 12:00:00-05:00,96.8499984741211,,,,,
2021-02-10 12:15:00-05:00,96.76000213623048,,,,,
2021-02-10 12:30:00-05:00,96.68000030517578,,,,,
2021-02-10 12:45:00-05:00,96.47000122070312,,,,,
2021-02-10 13:00:00-05:00,96.61000061035156,,,,,
2021-02-10 13:15:00-05:00,96.54000091552734,,,,,
2021-02-10 13:30:00-05:00,96.31999969482422,,,,,
2021-02-10 13:45:00-05:00,95.91000366210938,,,,,
2021-02-10 14:00:00-05:00,95.93499755859376,,,,,
2021-02-10 14:15:00-05:00,96.05999755859376,,,,,
2021-02-10 14:30:00-05:00,96.13500213623048,,,,,
2021-02-10 14:45:00-05:00,96.13359832763672,,,,,
2021-02-10 15:00:00-05:00,96.11000061035156,,,,,
2021-02-10 15:15:00-05:00,95.62930297851562,,,,,
2021-02-10 15:30:00-05:00,95.41000366210938,,,,,
2021-02-10 15:45:00-05:00,95.62000274658205,,,,,
2021-02-11 09:30:00-05:00,98.16500091552734,,,,,
2021-02-11 09:45:00-05:00,97.5500030517578,,,,,
2021-02-11 10:00:00-05:00,97.7699966430664,,,,,
2021-02-11 10:15:00-05:00,98.18499755859376,,,,,
2021-02-11 10:30:00-05:00,98.5199966430664,,,,,
2021-02-11 10:45:00-05:00,98.62000274658205,,,,,
2021-02-11 11:00:00-05:00,99.31999969482422,,,,,
2021-02-11 11:15:00-05:00,99.60710144042969,,,,,
2021-02-11 11:30:00-05:00,99.83999633789062,,,,,
2021-02-11 11:45:00-05:00,100.05500030517578,,,,,
2021-02-11 12:00:00-05:00,100.0500030517578,,,,,
2021-02-11 12:15:00-05:00,99.41999816894531,,,,,
2021-02-11 12:30:00-05:00,100.06500244140624,,,,,
2021-02-11 12:45:00-05:00,100.25,,,,,
2021-02-11 13:00:00-05:00,100.2958984375,,,,,
2021-02-11 13:15:00-05:00,99.6999969482422,,,,,
2021-02-11 13:30:00-05:00,99.97000122070312,,,,,
2021-02-11 13:45:00-05:00,99.73999786376952,,,,,
2021-02-11 14:00:00-05:00,99.54499816894531,,,,,
2021-02-11 14:15:00-05:00,99.6999969482422,,,,,
2021-02-11 14:30:00-05:00,99.55999755859376,,,,,
2021-02-11 14:45:00-05:00,99.23999786376952,,,,,
2021-02-11 15:00:00-05:00,99.23500061035156,,,,,
2021-02-11 15:15:00-05:00,98.98999786376952,,,,,
2021-02-11 15:30:00-05:00,98.77999877929688,,,,,
2021-02-11 15:45:00-05:00,99.08000183105469,,,,,
2021-02-12 09:30:00-05:00,99.2699966430664,,,,,
2021-02-12 09:45:00-05:00,99.5199966430664,,,,,
2021-02-12 10:00:00-05:00,99.61000061035156,,,,,
2021-02-12 10:15:00-05:00,99.86000061035156,,,,,
2021-02-12 10:30:00-05:00,99.8000030517578,,,,,
2021-02-12 10:45:00-05:00,100.6500015258789,,,,,
2021-02-12 11:00:00-05:00,101.6500015258789,,,,,
2021-02-12 11:15:00-05:00,101.55999755859376,,,,,
2021-02-12 11:30:00-05:00,101.94000244140624,,,,,
2021-02-12 11:45:00-05:00,102.16999816894531,,,,,
2021-02-12 12:00:00-05:00,102.62000274658205,,,,,
2021-02-12 12:15:00-05:00,102.69000244140624,,,,,
2021-02-12 12:30:00-05:00,102.2699966430664,,,,,
2021-02-12 12:45:00-05:00,102.37000274658205,,,,,
2021-02-12 13:00:00-05:00,102.4800033569336,,,,,
2021-02-12 13:15:00-05:00,102.16999816894531,,,,,
2021-02-12 13:30:00-05:00,102.5199966430664,,,,,
2021-02-12 13:45:00-05:00,102.23500061035156,,,,,
2021-02-12 14:00:00-05:00,102.3000030517578,,,,,
2021-02-12 14:15:00-05:00,102.58000183105469,,,,,
2021-02-12 14:30:00-05:00,102.62000274658205,,,,,
2021-02-12 14:45:00-05:00,102.72000122070312,,,,,
2021-02-12 15:00:00-05:00,102.50499725341795,,,,,
2021-02-12 15:15:00-05:00,102.5792007446289,,,,,
2021-02-12 15:30:00-05:00,102.79000091552734,,,,,
2021-02-12 15:45:00-05:00,103.27999877929688,98.1191,,,,
2021-02-16 09:30:00-05:00,106.73999786376952,98.9131,,,,
2021-02-16 09:45:00-05:00,107.12000274658205,100.1172,,,,
2021-02-16 10:00:00-05:00,106.75,101.1946,,,,
2021-02-16 10:15:00-05:00,107.33000183105469,102.0493,,,,
2021-02-16 10:30:00-05:00,107.18000030517578,102.8617,,,,
2021-02-16 10:45:00-05:00,106.75,103.5261,,,,
2021-02-16 11:00:00-05:00,106.08000183105469,104.0221,,,,
2021-02-16 11:15:00-05:00,106.04000091552734,104.3387,,,,
2021-02-16 11:30:00-05:00,106.81999969482422,104.6004,,,,
2021-02-16 11:45:00-05:00,107.52999877929688,104.9419,,,,
2021-02-16 12:00:00-05:00,106.91000366210938,105.3401,,,,
2021-02-16 12:15:00-05:00,106.9499969482422,105.5816,,,,
2021-02-16 12:30:00-05:00,106.68499755859376,105.7921,,,,
2021-02-16 12:45:00-05:00,107.0999984741211,105.9295,,,,
2021-02-16 13:00:00-05:00,107.59220123291016,106.1096,,,,
2021-02-16 13:15:00-05:00,107.06500244140624,106.3377,,,,
2021-02-16 13:30:00-05:00,107.01000213623048,106.4496,,,,
2021-02-16 13:45:00-05:00,106.81999969482422,106.5358,,,,
2021-02-16 14:00:00-05:00,106.93000030517578,106.5795,,,,
2021-02-16 14:15:00-05:00,107.2300033569336,106.6334,,,,
2021-02-16 14:30:00-05:00,107.18000030517578,106.7252,,,,
2021-02-16 14:45:00-05:00,107.44000244140624,106.7952,,,,
2021-02-16 15:00:00-05:00,107.33000183105469,106.8944,,,,
2021-02-16 15:15:00-05:00,107.1999969482422,106.9614,,,,
2021-02-16 15:30:00-05:00,107.13999938964844,106.9981,,,,
2021-02-16 15:45:00-05:00,107.29000091552734,107.0199,,,,
2021-02-17 09:30:00-05:00,105.23999786376952,107.0615,,,,
2021-02-17 09:45:00-05:00,105.37000274658205,106.7813,,,,
2021-02-17 10:00:00-05:00,104.25,106.5642,,,,
2021-02-17 10:15:00-05:00,103.37000274658205,106.2082,,,,
2021-02-17 10:30:00-05:00,103.2300033569336,105.7716,,,,
2021-02-17 10:45:00-05:00,103.64820098876952,105.3806,,,,
2021-02-17 11:00:00-05:00,102.7699966430664,105.1141,,,,
2021-02-17 11:15:00-05:00,102.06999969482422,104.7535,,,,
2021-02-17 11:30:00-05:00,101.02999877929688,104.3407,,,,
2021-02-17 11:45:00-05:00,101.38999938964844,103.8314,,,,
2021-02-17 12:00:00-05:00,101.56999969482422,103.4558,,,,
2021-02-17 12:15:00-05:00,101.5500030517578,103.1657,,,,
2021-02-17 12:30:00-05:00,101.63999938964844,102.9171,,,,
2021-02-17 12:45:00-05:00,101.43000030517578,102.7206,,,,
2021-02-17 13:00:00-05:00,102.01499938964844,102.522,,,,
2021-02-17 13:15:00-05:00,102.47000122070312,102.444,,,,
2021-02-17 13:30:00-05:00,102.37999725341795,102.448,,,,
2021-02-17 13:45:00-05:00,102.66999816894531,102.4375,,,,
2021-02-17 14:00:00-05:00,102.70500183105469,102.4733,,,,
2021-02-17 14:15:00-05:00,102.58000183105469,102.5089,,,,
2021-02-17 14:30:00-05:00,102.74500274658205,102.5198,,,,
2021-02-17 14:45:00-05:00,102.95999908447266,102.5544,,,,
2021-02-17 15:00:00-05:00,103.0500030517578,102.6168,,,,
2021-02-17 15:15:00-05:00,103.20999908447266,102.6834,,,,
2021-02-17 15:30:00-05:00,103.19000244140624,102.7644,,,,
2021-02-17 15:45:00-05:00,103.23999786376952,102.8299,,,,
2021-02-18 09:30:00-05:00,101.34500122070312,102.893,,,,
2021-02-18 09:45:00-05:00,101.625,102.6548,,,,
2021-02-18 10:00:00-05:00,101.33499908447266,102.4964,,,,
2021-02-18 10:15:00-05:00,101.27999877929688,102.3177,,,,
2021-02-18 10:30:00-05:00,101.73999786376952,102.1581,,,,
2021-02-18 10:45:00-05:00,102.02999877929688,102.0938,,,,
2021-02-18 11:00:00-05:00,101.66000366210938,102.084,,,,
2021-02-18 11:15:00-05:00,101.87999725341795,102.0188,,,,
2021-02-18 11:30:00-05:00,101.87000274658205,101.9974,,,,
2021-02-18 11:45:00-05:00,102.0199966430664,101.9778,,,,
2021-02-18 12:00:00-05:00,101.8499984741211,101.9843,,,,
2021-02-18 12:15:00-05:00,102.33499908447266,101.9636,,,,
2021-02-18 12:30:00-05:00,101.97000122070312,102.0207,,,,
2021-02-18 12:45:00-05:00,102.05999755859376,102.0129,,,,
2021-02-18 13:00:00-05:00,101.83499908447266,102.0201,,,,
2021-02-18 13:15:00-05:00,102.31500244140624,101.9916,,,,
2021-02-18 13:30:00-05:00,102.43000030517578,102.0414,,,,
2021-02-18 13:45:00-05:00,102.73999786376952,102.1012,,,,
2021-02-18 14:00:00-05:00,102.86000061035156,102.1995,,,,
2021-02-18 14:15:00-05:00,102.25,102.3011,,,,
2021-02-18 14:30:00-05:00,102.58000183105469,102.2932,,,,
2021-02-18 14:45:00-05:00,102.87999725341795,102.3373,,,,
2021-02-18 15:00:00-05:00,102.81999969482422,102.4208,,,,
2021-02-18 15:15:00-05:00,102.6750030517578,102.4822,,,,
2021-02-18 15:30:00-05:00,102.81999969482422,102.5119,,,,
2021-02-18 15:45:00-05:00,102.1500015258789,102.5593,,,,
2021-02-19 09:30:00-05:00,104.2699966430664,102.4963,,,,
2021-02-19 09:45:00-05:00,104.2249984741211,102.7692,,,,
2021-02-19 10:00:00-05:00,103.73999786376952,102.9932,,,,
2021-02-19 10:15:00-05:00,104.11499786376952,103.1081,,,,
2021-02-19 10:30:00-05:00,104.36000061035156,103.263,,,,
2021-02-19 10:45:00-05:00,104.45999908447266,103.4318,,,,
2021-02-19 11:00:00-05:00,104.4499969482422,103.59,,,,
2021-02-19 11:15:00-05:00,104.48999786376952,103.7223,,,,
2021-02-19 11:30:00-05:00,104.68000030517578,103.8404,,,,
2021-02-19 11:45:00-05:00,104.53500366210938,103.9696,,,,
2021-02-19 12:00:00-05:00,104.55500030517578,104.0566,,,,
2021-02-19 12:15:00-05:00,104.5500030517578,104.1333,,,,
2021-02-19 12:30:00-05:00,104.54000091552734,104.1974,,,,
2021-02-19 12:45:00-05:00,104.40499877929688,104.2501,,,,
2021-02-19 13:00:00-05:00,104.3499984741211,104.2739,,,,
2021-02-19 13:15:00-05:00,104.61499786376952,104.2856,,,,
2021-02-19 13:30:00-05:00,105.18000030517578,104.3363,,,,
2021-02-19 13:45:00-05:00,105.16999816894531,104.4661,,,,
2021-02-19 14:00:00-05:00,105.2699966430664,104.5744,,,,
2021-02-19 14:15:00-05:00,104.93000030517578,104.6814,,,,
2021-02-19 14:30:00-05:00,105.06999969482422,104.7196,,,,
2021-02-19 14:45:00-05:00,104.98500061035156,104.7735,,,,
2021-02-19 15:00:00-05:00,105.5,104.806,,,,
2021-02-19 15:15:00-05:00,105.3000030517578,104.9128,,,,
2021-02-19 15:30:00-05:00,105.43990325927734,104.9724,,,,
2021-02-19 15:45:00-05:00,105.63999938964844,105.0443,,,,
2021-02-22 09:30:00-05:00,104.3499984741211,105.1359,,,,
2021-02-22 09:45:00-05:00,105.08999633789062,105.015,,,,
2021-02-22 10:00:00-05:00,105.45999908447266,105.0265,,,,
2021-02-22 10:15:00-05:00,105.43000030517578,105.0932,,,,
2021-02-22 10:30:00-05:00,105.22000122070312,105.145,,,,
2021-02-22 10:45:00-05:00,104.81999969482422,105.1565,,,,
2021-02-22 11:00:00-05:00,105.0,105.1047,,,,
2021-02-22 11:15:00-05:00,104.73999786376952,105.0886,,,,
2021-02-22 11:30:00-05:00,105.02999877929688,105.035,,,,
2021-02-22 11:45:00-05:00,104.91000366210938,105.0342,,,,
2021-02-22 12:00:00-05:00,104.88500213623048,105.0151,,,,
2021-02-22 12:15:00-05:00,105.28500366210938,104.9951,,,,
2021-02-22 12:30:00-05:00,105.30999755859376,105.0397,,,,
2021-02-22 12:45:00-05:00,105.5999984741211,105.0813,,,,
2021-02-22 13:00:00-05:00,105.70999908447266,105.1611,,,,
2021-02-22 13:15:00-05:00,106.05999755859376,105.2455,,,,
2021-02-22 13:30:00-05:00,105.98999786376952,105.3708,,,,
2021-02-22 13:45:00-05:00,105.88999938964844,105.4661,,,,
2021-02-22 14:00:00-05:00,105.48999786376952,105.5313,,,,
2021-02-22 14:15:00-05:00,105.18000030517578,105.5249,,,,
2021-02-22 14:30:00-05:00,104.63999938964844,105.4718,,,,
2021-02-22 14:45:00-05:00,104.62999725341795,105.3438,,,,
2021-02-22 15:00:00-05:00,104.23999786376952,105.234,,,,
2021-02-22 15:15:00-05:00,103.5999984741211,105.0811,,,,
2021-02-22 15:30:00-05:00,103.9250030517578,104.8532,,,,
2021-02-22 15:45:00-05:00,104.30999755859376,104.7104,,,,
2021-02-23 09:30:00-05:00,101.13999938964844,104.6488,,,,
2021-02-23 09:45:00-05:00,100.4499969482422,104.109,,,,
2021-02-23 10:00:00-05:00,101.7699966430664,103.5461,,,,
2021-02-23 10:15:00-05:00,102.62999725341795,103.2729,,,,
2021-02-23 10:30:00-05:00,102.79000091552734,103.174,,,,
2021-02-23 10:45:00-05:00,103.4800033569336,103.1149,,,,
2021-02-23 11:00:00-05:00,104.21499633789062,103.1711,,,,
2021-02-23 11:15:00-05:00,103.33999633789062,103.3317,,,,
2021-02-23 11:30:00-05:00,103.06999969482422,103.333,,,,
2021-02-23 11:45:00-05:00,102.56999969482422,103.2925,,,,
2021-02-23 12:00:00-05:00,102.51000213623048,103.1813,,,,
2021-02-23 12:15:00-05:00,103.28500366210938,103.078,,,,
2021-02-23 12:30:00-05:00,102.79000091552734,103.1098,,,,
2021-02-23 12:45:00-05:00,102.75499725341795,103.0606,,,,
2021-02-23 13:00:00-05:00,103.37000274658205,103.0136,,,,
2021-02-23 13:15:00-05:00,103.83999633789062,103.0684,,,,
2021-02-23 13:30:00-05:00,103.49500274658205,103.1871,,,,
2021-02-23 13:45:00-05:00,103.70999908447266,103.2345,,,,
2021-02-23 14:00:00-05:00,103.71520233154295,103.3077,,,,
2021-02-23 14:15:00-05:00,104.11000061035156,103.3704,,,,
2021-02-23 14:30:00-05:00,103.56999969482422,103.4842,,,,
2021-02-23 14:45:00-05:00,104.16000366210938,103.4974,,,,
2021-02-23 15:00:00-05:00,104.8000030517578,103.5993,,,,
2021-02-23 15:15:00-05:00,105.3550033569336,103.784,,,,
2021-02-23 15:30:00-05:00,104.3499984741211,104.0257,,,,
2021-02-23 15:45:00-05:00,103.98999786376952,104.0756,,,,
2021-02-24 09:30:00-05:00,103.38500213623048,104.0624,,,,
2021-02-24 09:45:00-05:00,104.0500030517578,103.9582,,,,
2021-02-24 10:00:00-05:00,103.44000244140624,103.9723,,,,
2021-02-24 10:15:00-05:00,103.8000030517578,103.8904,,,,
2021-02-24 10:30:00-05:00,103.9000015258789,103.8765,,,,
2021-02-24 10:45:00-05:00,103.95999908447266,103.8801,,,,
2021-02-24 11:00:00-05:00,104.54000091552734,103.8924,,,,
2021-02-24 11:15:00-05:00,104.97000122070312,103.992,,,,
2021-02-24 11:30:00-05:00,105.5999984741211,104.1425,,,,
2021-02-24 11:45:00-05:00,106.2300033569336,104.3667,,,,
2021-02-24 12:00:00-05:00,106.72000122070312,104.6534,,,,
2021-02-24 12:15:00-05:00,106.83999633789062,104.9713,,,,
2021-02-24 12:30:00-05:00,107.1999969482422,105.2588,,,,
2021-02-24 12:45:00-05:00,106.88500213623048,105.5574,,,,
2021-02-24 13:00:00-05:00,107.8550033569336,105.7616,,,,
2021-02-24 13:15:00-05:00,108.08999633789062,106.0837,,,,
2021-02-24 13:30:00-05:00,108.66000366210938,106.3924,,,,
2021-02-24 13:45:00-05:00,109.04000091552734,106.7413,,,,
2021-02-24 14:00:00-05:00,108.68000030517578,107.0949,,,,
2021-02-24 14:15:00-05:00,109.0250015258789,107.3388,,,,
2021-02-24 14:30:00-05:00,108.86000061035156,107.5982,,,,
2021-02-24 14:45:00-05:00,108.76000213623048,107.7923,,,,
2021-02-24 15:00:00-05:00,108.58000183105469,107.9412,,,,
2021-02-24 15:15:00-05:00,108.87000274658205,108.0395,,,,
2021-02-24 15:30:00-05:00,108.7699966430664,108.1673,,,,
2021-02-24 15:45:00-05:00,109.08000183105469,108.26,,,,
2021-02-25 09:30:00-05:00,108.31999969482422,108.3862,,,,
2021-02-25 09:45:00-05:00,109.01000213623048,108.376,,,,
2021-02-25 10:00:00-05:00,108.65499877929688,108.4735,,,,
2021-02-25 10:15:00-05:00,108.7699966430664,108.5014,,,,
2021-02-25 10:30:00-05:00,109.34500122070312,108.5427,,,,
2021-02-25 10:45:00-05:00,108.9000015258789,108.6661,,,,
2021-02-25 11:00:00-05:00,109.0999984741211,108.7021,,,,
2021-02-25 11:15:00-05:00,108.12000274658205,108.7633,,,,
2021-02-25 11:30:00-05:00,107.7300033569336,108.6643,,,,
2021-02-25 11:45:00-05:00,107.76000213623048,108.5206,,,,
2021-02-25 12:00:00-05:00,107.36000061035156,108.4036,,,,
2021-02-25 12:15:00-05:00,106.83000183105469,108.243,,,,
2021-02-25 12:30:00-05:00,106.31999969482422,108.0256,,,,
2021-02-25 12:45:00-05:00,105.75,107.7632,,,,
2021-02-25 13:00:00-05:00,106.02999877929688,107.4535,,,,
2021-02-25 13:15:00-05:00,106.70500183105469,107.2345,,,,
2021-02-25 13:30:00-05:00,106.58999633789062,107.153,,,,
2021-02-25 13:45:00-05:00,105.72000122070312,107.0664,,,,
2021-02-25 14:00:00-05:00,106.8000030517578,106.8593,,,,
2021-02-25 14:15:00-05:00,107.1999969482422,106.8502,,,,
2021-02-25 14:30:00-05:00,106.43000030517578,106.904,,,,
2021-02-25 14:45:00-05:00,106.15499877929688,106.8311,,,,
2021-02-25 15:00:00-05:00,105.3499984741211,106.7271,,,,
2021-02-25 15:15:00-05:00,104.83000183105469,106.5152,,,,
2021-02-25 15:30:00-05:00,104.51000213623048,106.2559,,,,
2021-02-25 15:45:00-05:00,103.6999969482422,105.9873,,,,
2021-02-26 09:30:00-05:00,105.12999725341795,105.6354,,,,
2021-02-26 09:45:00-05:00,104.33000183105469,105.5576,,,,
2021-02-26 10:00:00-05:00,103.16000366210938,105.3687,,,,
2021-02-26 10:15:00-05:00,102.16500091552734,105.0289,,,,
2021-02-26 10:30:00-05:00,102.69000244140624,104.5883,,,,
2021-02-26 10:45:00-05:00,103.61000061035156,104.2963,,,,
2021-02-26 11:00:00-05:00,103.9250030517578,104.1907,,,,
2021-02-26 11:15:00-05:00,104.04000091552734,104.1498,,,,
2021-02-26 11:30:00-05:00,104.9000015258789,104.1329,,,,
2021-02-26 11:45:00-05:00,105.20999908447266,104.2509,,,,
2021-02-26 12:00:00-05:00,106.0,104.3985,,,,
2021-02-26 12:15:00-05:00,105.77999877929688,104.6449,,,,
2021-02-26 12:30:00-05:00,105.87000274658205,104.8195,,,,
2021-02-26 12:45:00-05:00,105.5199966430664,104.9811,,,,
2021-02-26 13:00:00-05:00,106.0250015258789,105.064,,,,
2021-02-26 13:15:00-05:00,106.4000015258789,105.2118,,,,
2021-02-26 13:30:00-05:00,106.22000122070312,105.3946,,,,
2021-02-26 13:45:00-05:00,105.94000244140624,105.5216,,,,
2021-02-26 14:00:00-05:00,105.9001007080078,105.586,,,,
2021-02-26 14:15:00-05:00,105.8000030517578,105.6343,,,,
2021-02-26 14:30:00-05:00,105.70999908447266,105.6598,,,,
2021-02-26 14:45:00-05:00,105.94000244140624,105.6675,,,,
2021-02-26 15:00:00-05:00,106.5199966430664,105.7094,,,,
2021-02-26 15:15:00-05:00,105.77999877929688,105.8341,,,,
2021-02-26 15:30:00-05:00,106.20999908447266,105.8258,,,,
2021-02-26 15:45:00-05:00,105.08000183105469,105.8849,,,,
2021-03-01 09:30:00-05:00,106.64679718017578,105.7611,,,,
2021-03-01 09:45:00-05:00,107.12000274658205,105.8974,,,,
2021-03-01 10:00:00-05:00,106.3499984741211,106.0855,,,,
2021-03-01 10:15:00-05:00,106.5999984741211,106.1262,,,,
2021-03-01 10:30:00-05:00,106.7300033569336,106.1991,,,,
2021-03-01 10:45:00-05:00,106.54000091552734,106.2808,,,,
2021-03-01 11:00:00-05:00,107.13999938964844,106.3207,,,,
2021-03-01 11:15:00-05:00,107.05999755859376,106.4467,,,,
2021-03-01 11:30:00-05:00,108.27999877929688,106.5411,,,,
2021-03-01 11:45:00-05:00,108.31999969482422,106.8086,,,,
2021-03-01 12:00:00-05:00,108.4000015258789,107.0411,,,,
2021-03-01 12:15:00-05:00,108.29010009765624,107.2502,,,,
2021-03-01 12:30:00-05:00,108.3550033569336,107.4102,,,,
2021-03-01 12:45:00-05:00,108.52999877929688,107.5556,,,,
2021-03-01 13:00:00-05:00,108.5,107.7055,,,,
2021-03-01 13:15:00-05:00,108.76920318603516,107.8277,,,,
2021-03-01 13:30:00-05:00,108.93000030517578,107.9725,,,,
2021-03-01 13:45:00-05:00,108.79000091552734,108.1198,,,,
2021-03-01 14:00:00-05:00,109.52639770507812,108.2229,,,,
2021-03-01 14:15:00-05:00,109.4800033569336,108.4234,,,,
2021-03-01 14:30:00-05:00,109.58999633789062,108.586,,,,
2021-03-01 14:45:00-05:00,109.29000091552734,108.7405,,,,
2021-03-01 15:00:00-05:00,109.19499969482422,108.825,,,,
2021-03-01 15:15:00-05:00,109.24500274658205,108.8819,,,,
2021-03-01 15:30:00-05:00,109.41500091552734,108.9378,,,,
2021-03-01 15:45:00-05:00,109.6500015258789,109.0112,,,,
2021-03-02 09:30:00-05:00,108.18000030517578,109.1095,,,,
2021-03-02 09:45:00-05:00,108.69000244140624,108.9665,,,,
2021-03-02 10:00:00-05:00,107.58000183105469,108.924,,,,
2021-03-02 10:15:00-05:00,107.7699966430664,108.7172,,,,
2021-03-02 10:30:00-05:00,106.90160369873048,108.5715,,,,
2021-03-02 10:45:00-05:00,106.95999908447266,108.3146,,,,
2021-03-02 11:00:00-05:00,106.5199966430664,108.1062,,,,
2021-03-02 11:15:00-05:00,106.29499816894531,107.8622,,,,
2021-03-02 11:30:00-05:00,105.38500213623048,107.6211,,,,
2021-03-02 11:45:00-05:00,105.63500213623048,107.2771,,,,
2021-03-02 12:00:00-05:00,105.31400299072266,107.0245,,,,
2021-03-02 12:15:00-05:00,105.43499755859376,106.7613,,,,
2021-03-02 12:30:00-05:00,106.0999984741211,106.5573,,,,
2021-03-02 12:45:00-05:00,106.01000213623048,106.4869,,,,
2021-03-02 13:00:00-05:00,106.01000213623048,106.4135,,,,
2021-03-02 13:15:00-05:00,105.83000183105469,106.3514,,,,
2021-03-02 13:30:00-05:00,106.33000183105469,106.2712,,,,
2021-03-02 13:45:00-05:00,106.2699966430664,106.2802,,,,
2021-03-02 14:00:00-05:00,105.77999877929688,106.2786,,,,
2021-03-02 14:15:00-05:00,105.98999786376952,106.2019,,,,
2021-03-02 14:30:00-05:00,106.02999877929688,106.1693,,,,
2021-03-02 14:45:00-05:00,106.01000213623048,106.1479,,,,
2021-03-02 15:00:00-05:00,105.81999969482422,106.1267,,,,
2021-03-02 15:15:00-05:00,104.98999786376952,106.0795,,,,
2021-03-02 15:30:00-05:00,104.66000366210938,105.9119,,,,
2021-03-02 15:45:00-05:00,103.9499969482422,105.7193,,,,
2021-03-03 09:30:00-05:00,103.95999908447266,105.4471,,,,
2021-03-03 09:45:00-05:00,104.1500015258789,105.2183,,,,
2021-03-03 10:00:00-05:00,103.5,105.0539,,,,
2021-03-03 10:15:00-05:00,103.5,104.8148,,,,
2021-03-03 10:30:00-05:00,104.04000091552734,104.6125,,,,
2021-03-03 10:45:00-05:00,104.66000366210938,104.5244,,,,
2021-03-03 11:00:00-05:00,105.4499969482422,104.5453,,,,
2021-03-03 11:15:00-05:00,105.80500030517578,104.6845,,,,
2021-03-03 11:30:00-05:00,104.63999938964844,104.8569,,,,
2021-03-03 11:45:00-05:00,104.69000244140624,104.8235,,,,
2021-03-03 12:00:00-05:00,104.44000244140624,104.803,,,,
2021-03-03 12:15:00-05:00,104.1500015258789,104.7472,,,,
2021-03-03 12:30:00-05:00,104.05999755859376,104.6553,,,,
2021-03-03 12:45:00-05:00,103.80999755859376,104.5637,,,,
2021-03-03 13:00:00-05:00,103.5999984741211,104.4477,,,,
2021-03-03 13:15:00-05:00,104.1500015258789,104.3173,,,,
2021-03-03 13:30:00-05:00,103.9499969482422,104.2916,,,,
2021-03-03 13:45:00-05:00,103.4000015258789,104.239,,,,
2021-03-03 14:00:00-05:00,102.87000274658205,104.1099,,,,
2021-03-03 14:15:00-05:00,101.95999908447266,103.9191,,,,
2021-03-03 14:30:00-05:00,102.6500015258789,103.6177,,,,
2021-03-03 14:45:00-05:00,102.87999725341795,103.4688,,,,
2021-03-03 15:00:00-05:00,103.12999725341795,103.3782,,,,
2021-03-03 15:15:00-05:00,102.79000091552734,103.34,,,,
2021-03-03 15:30:00-05:00,102.93000030517578,103.2554,,,,
2021-03-03 15:45:00-05:00,101.81999969482422,103.2053,,,,
2021-03-04 09:30:00-05:00,100.79000091552734,102.9922,,,,
2021-03-04 09:45:00-05:00,98.62000274658205,102.6534,,,,
2021-03-04 10:00:00-05:00,97.9499969482422,102.0329,,,,
2021-03-04 10:15:00-05:00,97.58000183105469,101.4048,,,,
2021-03-04 10:30:00-05:00,98.6050033569336,100.8164,,,,
2021-03-04 10:45:00-05:00,98.55999755859376,100.4762,,,,
2021-03-04 11:00:00-05:00,97.47000122070312,100.1814,,,,
2021-03-04 11:15:00-05:00,97.68000030517578,99.7643,,,,
2021-03-04 11:30:00-05:00,98.1999969482422,99.4436,,,,
2021-03-04 11:45:00-05:00,98.63500213623048,99.2523,,,,
2021-03-04 12:00:00-05:00,98.16999816894531,99.1573,,,,
2021-03-04 12:15:00-05:00,97.73999786376952,99.0054,,,,
2021-03-04 12:30:00-05:00,97.2750015258789,98.8107,,,,
2021-03-04 12:45:00-05:00,96.5,98.5744,,,,
2021-03-04 13:00:00-05:00,95.58000183105469,98.2553,,,,
2021-03-04 13:15:00-05:00,96.12750244140624,97.8437,,,,
2021-03-04 13:30:00-05:00,95.16000366210938,97.5797,,,,
2021-03-04 13:45:00-05:00,94.7300033569336,97.2074,,,,
2021-03-04 14:00:00-05:00,95.47000122070312,96.8263,,,,
2021-03-04 14:15:00-05:00,96.48999786376952,96.6176,,,,
2021-03-04 14:30:00-05:00,97.13999938964844,96.598,,,,
2021-03-04 14:45:00-05:00,97.45999908447266,96.6814,,,,
2021-03-04 15:00:00-05:00,97.37999725341795,96.8012,,,,
2021-03-04 15:15:00-05:00,97.01000213623048,96.8902,,,,
2021-03-04 15:30:00-05:00,98.1999969482422,96.9086,,,,
2021-03-04 15:45:00-05:00,97.20999908447266,97.1073,,,,
2021-03-05 09:30:00-05:00,98.22000122070312,97.1231,,,,
2021-03-05 09:45:00-05:00,97.54000091552734,97.2919,,,,
2021-03-05 10:00:00-05:00,96.48999786376952,97.3301,,,,
2021-03-05 10:15:00-05:00,95.81999969482422,97.2009,,,,
2021-03-05 10:30:00-05:00,95.69000244140624,96.9885,,,,
2021-03-05 10:45:00-05:00,95.99500274658205,96.7887,,,,
2021-03-05 11:00:00-05:00,94.62999725341795,96.6666,,,,
2021-03-05 11:15:00-05:00,93.88999938964844,96.3533,,,,
2021-03-05 11:30:00-05:00,95.04000091552734,95.9743,,,,
2021-03-05 11:45:00-05:00,95.23999786376952,95.8306,,,,
2021-03-05 12:00:00-05:00,95.31999969482422,95.7397,,,,
2021-03-05 12:15:00-05:00,96.76000213623048,95.6751,,,,
2021-03-05 12:30:00-05:00,97.54000091552734,95.842,,,,
2021-03-05 12:45:00-05:00,97.54000091552734,96.1032,,,,
2021-03-05 13:00:00-05:00,97.55999755859376,96.3242,,,,
2021-03-05 13:15:00-05:00,98.86000061035156,96.5143,,,,
2021-03-05 13:30:00-05:00,99.0,96.8752,,,,
2021-03-05 13:45:00-05:00,99.12000274658205,97.2021,,,,
2021-03-05 14:00:00-05:00,98.5438003540039,97.4972,,,,
2021-03-05 14:15:00-05:00,99.25,97.6582,,,,
2021-03-05 14:30:00-05:00,98.94499969482422,97.9031,,,,
2021-03-05 14:45:00-05:00,99.68000030517578,98.0634,,,,
2021-03-05 15:00:00-05:00,99.31999969482422,98.3121,,,,
2021-03-05 15:15:00-05:00,99.80999755859376,98.4672,,,,
2021-03-05 15:30:00-05:00,100.0199966430664,98.6738,,,,
2021-03-05 15:45:00-05:00,100.37999725341795,98.8809,101.3212,-2.4403000000000077,,
2021-03-08 09:30:00-05:00,99.61000061035156,99.1115,101.2515,-2.1399999999999864,,
2021-03-08 09:45:00-05:00,98.93000030517578,99.1882,101.1299,-1.9417000000000115,,
2021-03-08 10:00:00-05:00,98.80500030517578,99.1485,100.9669,-1.818399999999997,,
2021-03-08 10:15:00-05:00,98.94000244140624,99.0957,100.8068,-1.7111000000000018,,
2021-03-08 10:30:00-05:00,98.7699966430664,99.0717,100.6685,-1.5967999999999876,,
2021-03-08 10:45:00-05:00,98.13999938964844,99.0253,100.5279,-1.502600000000001,,
2021-03-08 11:00:00-05:00,97.13999938964844,98.8891,100.351,-1.4619,,
2021-03-08 11:15:00-05:00,96.9499969482422,98.62,100.1131,-1.4930999999999983,,
2021-03-08 11:30:00-05:00,96.06999969482422,98.3631,99.8788,-1.5156999999999954,,
2021-03-08 11:45:00-05:00,96.0500030517578,98.0103,99.5967,-1.5863999999999976,,
2021-03-08 12:00:00-05:00,96.1500015258789,97.7087,99.334,-1.62530000000001,,
2021-03-08 12:15:00-05:00,96.55999755859376,97.4689,99.0981,-1.6291999999999973,,
2021-03-08 12:30:00-05:00,96.62999725341795,97.3291,98.9101,-1.581000000000003,,
2021-03-08 12:45:00-05:00,96.83499908447266,97.2215,98.7412,-1.5197000000000003,,
2021-03-08 13:00:00-05:00,96.69000244140624,97.162,98.6,-1.4379999999999882,,
2021-03-08 13:15:00-05:00,96.66999816894531,97.0894,98.4585,-1.369100000000003,,
2021-03-08 13:30:00-05:00,95.97000122070312,97.0249,98.326,-1.301099999999991,,
2021-03-08 13:45:00-05:00,95.06999969482422,96.8626,98.1515,-1.2888999999999982,,
2021-03-08 14:00:00-05:00,95.31999969482422,96.5868,97.9232,-1.3363999999999976,,
2021-03-08 14:15:00-05:00,95.38999938964844,96.3919,97.7304,-1.3384999999999962,,
2021-03-08 14:30:00-05:00,94.79000091552734,96.2378,97.557,-1.3192000000000093,,
2021-03-08 14:45:00-05:00,94.72000122070312,96.0151,97.352,-1.3369,,
2021-03-08 15:00:00-05:00,94.27999877929688,95.8159,97.157,-1.3410999999999973,,
2021-03-08 15:15:00-05:00,94.02999877929688,95.5796,96.9439,-1.3643,,
2021-03-08 15:30:00-05:00,94.66000366210938,95.3412,96.7281,-1.3868999999999971,,
2021-03-08 15:45:00-05:00,94.08999633789062,95.2364,96.5749,-1.3384999999999962,,
2021-03-09 09:30:00-05:00,97.58499908447266,95.06,96.3908,-1.3307999999999964,,
2021-03-09 09:45:00-05:00,99.51000213623048,95.4485,96.4793,-1.0307999999999993,,
2021-03-09 10:00:00-05:00,99.47000122070312,96.0733,96.7038,-0.6304999999999978,,
2021-03-09 10:15:00-05:00,99.08999633789062,96.5959,96.9087,-0.31279999999999575,,
2021-03-09 10:30:00-05:00,99.91439819335938,96.9796,97.0703,-0.09069999999999823,,
2021-03-09 10:45:00-05:00,99.3249969482422,97.4311,97.281,0.1500999999999948,,
2021-03-09 11:00:00-05:00,99.44000244140624,97.7225,97.4324,0.29009999999999536,,
2021-03-09 11:15:00-05:00,100.29000091552734,97.9867,97.5811,0.40559999999999263,,
2021-03-09 11:30:00-05:00,100.19000244140624,98.3411,97.7818,0.5592999999999932,,
2021-03-09 11:45:00-05:00,100.16999816894531,98.6255,97.9602,0.665300000000002,,
2021-03-09 12:00:00-05:00,100.65499877929688,98.8631,98.1239,0.7391999999999967,,
2021-03-09 12:15:00-05:00,100.65499877929688,99.1388,98.3114,0.8273999999999972,,
2021-03-09 12:30:00-05:00,100.93000030517578,99.3721,98.485,0.8871000000000038,,
2021-03-09 12:45:00-05:00,100.5500030517578,99.6118,98.6661,0.9457000000000022,,
2021-03-09 13:00:00-05:00,101.0999984741211,99.7561,98.8056,0.9505000000000052,,
2021-03-09 13:15:00-05:00,101.4749984741211,99.9629,98.9756,0.9873000000000047,,
2021-03-09 13:30:00-05:00,101.81999969482422,100.1955,99.1607,1.03479999999999,,
2021-03-09 13:45:00-05:00,101.95999908447266,100.4454,99.3577,1.0877000000000123,,
2021-03-09 14:00:00-05:00,101.62000274658205,100.6784,99.5505,1.1278999999999968,,
2021-03-09 14:15:00-05:00,101.30500030517578,100.8233,99.7038,1.1195000000000022,,
2021-03-09 14:30:00-05:00,101.31999969482422,100.8974,99.8224,1.0750000000000028,,
2021-03-09 14:45:00-05:00,101.58000183105469,100.9624,99.9333,1.0290999999999997,,
2021-03-09 15:00:00-05:00,101.83000183105469,101.0574,100.0553,1.0020999999999987,,
2021-03-09 15:15:00-05:00,101.9000015258789,101.1763,100.1868,0.9894999999999925,,
2021-03-09 15:30:00-05:00,101.63999938964844,101.2876,100.3137,0.9739000000000004,,
2021-03-09 15:45:00-05:00,101.5999984741211,101.3418,100.4119,0.9299000000000035,,
2021-03-10 09:30:00-05:00,103.61000061035156,101.3815,100.4999,0.8816000000000059,,
2021-03-10 09:45:00-05:00,102.7300033569336,101.7243,100.7303,0.9939999999999998,,
2021-03-10 10:00:00-05:00,101.83999633789062,101.879,100.8784,1.0006000000000057,,
2021-03-10 10:15:00-05:00,100.7300033569336,101.873,100.9496,0.9234000000000009,,
2021-03-10 10:30:00-05:00,100.62999725341795,101.6972,100.9333,0.7638999999999925,,
2021-03-10 10:45:00-05:00,100.91999816894531,101.533,100.9108,0.6222000000000065,,
2021-03-10 11:00:00-05:00,101.52999877929688,101.4387,100.9115,0.5271999999999935,,
2021-03-10 11:15:00-05:00,101.52010345458984,101.4527,100.9573,0.4953999999999894,,
2021-03-10 11:30:00-05:00,100.48999786376952,101.4631,100.999,0.46410000000000196,,
2021-03-10 11:45:00-05:00,101.1999969482422,101.3134,100.9613,0.3521000000000072,,
2021-03-10 12:00:00-05:00,100.80999755859376,101.296,100.979,0.3170000000000073,,
2021-03-10 12:15:00-05:00,99.87000274658205,101.2212,100.9665,0.2546999999999997,,
2021-03-10 12:30:00-05:00,99.69000244140624,101.0133,100.8853,0.1280000000000001,,
2021-03-10 12:45:00-05:00,100.12000274658205,100.8097,100.7968,0.01290000000000191,,
2021-03-10 13:00:00-05:00,99.99169921875,100.7036,100.7467,-0.043100000000009686,,
2021-03-10 13:15:00-05:00,100.05999755859376,100.5941,100.6908,-0.09669999999999845,,
2021-03-10 13:30:00-05:00,99.58000183105469,100.5119,100.6441,-0.13219999999999743,,
2021-03-10 13:45:00-05:00,99.9250030517578,100.3685,100.5653,-0.1967999999999961,,
2021-03-10 14:00:00-05:00,100.5,100.3003,100.5179,-0.21760000000000446,,
2021-03-10 14:15:00-05:00,100.1500015258789,100.331,100.5166,-0.18559999999999377,,
2021-03-10 14:30:00-05:00,99.44000244140624,100.3032,100.4894,-0.18619999999999948,,
2021-03-10 14:45:00-05:00,100.11000061035156,100.1704,100.4117,-0.2412999999999954,,
2021-03-10 15:00:00-05:00,99.3000030517578,100.1611,100.3894,-0.22829999999999018,,
2021-03-10 15:15:00-05:00,99.47000122070312,100.0286,100.3087,-0.28010000000000446,,
2021-03-10 15:30:00-05:00,98.93000030517578,99.9427,100.2466,-0.3038999999999987,,
2021-03-10 15:45:00-05:00,98.56999969482422,99.7869,100.1491,-0.3622000000000014,,
2021-03-11 09:30:00-05:00,101.2925033569336,99.5997,100.0321,-0.43240000000000123,,
2021-03-11 09:45:00-05:00,100.9000015258789,99.8601,100.1255,-0.26539999999999964,,
2021-03-11 10:00:00-05:00,101.25,100.0201,100.1829,-0.16280000000000427,,
2021-03-11 10:15:00-05:00,101.0,100.2093,100.2619,-0.052599999999998204,,
2021-03-11 10:30:00-05:00,100.9800033569336,100.3309,100.3166,0.014300000000005753,,
2021-03-11 10:45:00-05:00,101.41000366210938,100.4308,100.3657,0.06510000000000105,,
2021-03-11 11:00:00-05:00,102.36000061035156,100.5814,100.4431,0.13830000000000098,,
2021-03-11 11:15:00-05:00,102.41999816894531,100.855,100.5851,0.2699000000000069,,
2021-03-11 11:30:00-05:00,102.88500213623048,101.0958,100.721,0.37479999999999336,,
2021-03-11 11:45:00-05:00,102.94000244140624,101.3711,100.8813,0.48980000000000246,,
2021-03-11 12:00:00-05:00,103.65499877929688,101.6125,101.0338,0.5786999999999978,,
2021-03-11 12:15:00-05:00,103.81999969482422,101.9267,101.228,0.6987000000000023,,
2021-03-11 12:30:00-05:00,103.97000122070312,102.218,101.42,0.7980000000000018,,
2021-03-11 12:45:00-05:00,104.02999877929688,102.4875,101.6089,0.8785999999999916,,
2021-03-11 13:00:00-05:00,104.77999877929688,102.7248,101.7882,0.9365999999999985,,
2021-03-11 13:15:00-05:00,104.12999725341795,103.041,102.0098,1.0311999999999983,,
2021-03-11 13:30:00-05:00,104.5999984741211,103.2085,102.1669,1.0416000000000025,,
2021-03-11 13:45:00-05:00,104.44000244140624,103.4226,102.3471,1.0755000000000052,,
2021-03-11 14:00:00-05:00,104.58000183105469,103.5791,102.5021,1.0769999999999982,,
2021-03-11 14:15:00-05:00,104.5999984741211,103.7331,102.656,1.0770999999999873,,
2021-03-11 14:30:00-05:00,104.66000366210938,103.8665,102.8,1.0665000000000049,,
2021-03-11 14:45:00-05:00,104.63999938964844,103.9886,102.9378,1.0508000000000095,,
2021-03-11 15:00:00-05:00,104.16999816894531,104.0888,103.0639,1.0249000000000024,,
2021-03-11 15:15:00-05:00,104.72000122070312,104.1013,103.1458,0.9555000000000007,,
2021-03-11 15:30:00-05:00,104.66999816894531,104.1965,103.2624,0.9341000000000008,,
2021-03-11 15:45:00-05:00,104.69000244140624,104.2693,103.3667,0.9026000000000067,,
2021-03-12 09:30:00-05:00,102.4499969482422,104.334,103.4647,0.8693000000000097,,
2021-03-12 09:45:00-05:00,103.61499786376952,104.0442,103.3895,0.6547000000000054,,
2021-03-12 10:00:00-05:00,103.8000030517578,103.9782,103.4062,0.5720000000000027,,
2021-03-12 10:15:00-05:00,102.9800033569336,103.9508,103.4354,0.5153999999999996,,
2021-03-12 10:30:00-05:00,102.875,103.8014,103.4017,0.3996999999999957,,
2021-03-12 10:45:00-05:00,102.36000061035156,103.6589,103.3627,0.2961999999999989,,
2021-03-12 11:00:00-05:00,102.44000244140624,103.4591,103.2884,0.17070000000001073,,
2021-03-12 11:15:00-05:00,102.62999725341795,103.3023,103.2256,0.07670000000000243,,
2021-03-12 11:30:00-05:00,102.18000030517578,103.1989,103.1815,0.017399999999994975,,
2021-03-12 11:45:00-05:00,102.05999755859376,103.0421,103.1073,-0.06519999999999015,,
2021-03-12 12:00:00-05:00,102.16000366210938,102.891,103.0297,-0.13870000000000005,,
2021-03-12 12:15:00-05:00,102.43000030517578,102.7785,102.9653,-0.18680000000000518,,
2021-03-12 12:30:00-05:00,102.48500061035156,102.7249,102.9256,-0.20069999999999766,,
2021-03-12 12:45:00-05:00,102.75,102.688,102.893,-0.2049999999999983,,
2021-03-12 13:00:00-05:00,102.88999938964844,102.6975,102.8824,-0.18489999999999895,,
2021-03-12 13:15:00-05:00,102.75499725341795,102.7271,102.883,-0.1559000000000026,,
2021-03-12 13:30:00-05:00,102.91000366210938,102.7314,102.8735,-0.14210000000001344,,
2021-03-12 13:45:00-05:00,102.70500183105469,102.7589,102.8762,-0.11730000000000018,,
2021-03-12 14:00:00-05:00,102.48999786376952,102.7506,102.8635,-0.11289999999999623,,
2021-03-12 14:15:00-05:00,102.62000274658205,102.7105,102.8358,-0.12530000000000996,,
2021-03-12 14:30:00-05:00,102.76499938964844,102.6966,102.8198,-0.12319999999999709,,
2021-03-12 14:45:00-05:00,102.77999877929688,102.7071,102.8157,-0.1086000000000098,,
2021-03-12 15:00:00-05:00,102.62999725341795,102.7183,102.8131,-0.09480000000000643,,
2021-03-12 15:15:00-05:00,102.45999908447266,102.7047,102.7995,-0.09479999999999222,,
2021-03-12 15:30:00-05:00,102.61000061035156,102.6671,102.7744,-0.10729999999999507,,
2021-03-12 15:45:00-05:00,102.48999786376952,102.6583,102.7622,-0.1039000000000101,,
2021-03-15 09:30:00-04:00,102.0,102.6324,102.742,-0.10960000000000036,,
2021-03-15 09:45:00-04:00,102.81999969482422,102.5351,102.687,-0.1518999999999977,,
2021-03-15 10:00:00-04:00,103.03500366210938,102.5789,102.6969,-0.117999999999995,,
2021-03-15 10:15:00-04:00,102.48999786376952,102.6491,102.7219,-0.07280000000000086,,
2021-03-15 10:30:00-04:00,102.51000213623048,102.6246,102.7047,-0.08010000000000161,,
2021-03-15 10:45:00-04:00,103.19000244140624,102.607,102.6903,-0.08329999999999416,,
2021-03-15 11:00:00-04:00,102.77999877929688,102.6967,102.7273,-0.030599999999992633,,
2021-03-15 11:15:00-04:00,102.02999877929688,102.7095,102.7312,-0.02169999999999561,,
2021-03-15 11:30:00-04:00,102.20500183105469,102.605,102.6793,-0.07429999999999382,,
2021-03-15 11:45:00-04:00,102.6500015258789,102.5435,102.6442,-0.10070000000000334,,
2021-03-15 12:00:00-04:00,102.91999816894531,102.5599,102.6446,-0.084699999999998,,
2021-03-15 12:15:00-04:00,102.91999816894531,102.6153,102.665,-0.04970000000000141,,
2021-03-15 12:30:00-04:00,102.80999755859376,102.6622,102.6839,-0.02169999999999561,,
2021-03-15 12:45:00-04:00,102.94000244140624,102.6849,102.6932,-0.008300000000005525,,
2021-03-15 13:00:00-04:00,103.52999877929688,102.7241,102.7115,0.012600000000006162,,
2021-03-15 13:15:00-04:00,103.44000244140624,102.8481,102.7721,0.07600000000000762,,
2021-03-15 13:30:00-04:00,103.36000061035156,102.9392,102.8216,0.11759999999999593,,
2021-03-15 13:45:00-04:00,103.25050354003906,103.0039,102.8615,0.14239999999999498,,
2021-03-15 14:00:00-04:00,103.52130126953124,103.0418,102.8903,0.15149999999999864,,
2021-03-15 14:15:00-04:00,103.6500015258789,103.1156,102.937,0.17860000000000298,,
2021-03-15 14:30:00-04:00,103.9499969482422,103.1978,102.9898,0.2079999999999984,,
2021-03-15 14:45:00-04:00,103.9800033569336,103.3135,103.0609,0.25260000000000105,,
2021-03-15 15:00:00-04:00,104.2699966430664,103.416,103.129,0.28699999999999193,,
2021-03-15 15:15:00-04:00,104.2750015258789,103.5474,103.2135,0.33389999999999986,,
2021-03-15 15:30:00-04:00,104.91999816894531,103.6593,103.2921,0.36719999999999686,,
2021-03-15 15:45:00-04:00,105.4800033569336,103.8533,103.4127,0.44060000000000343,,
2021-03-16 09:30:00-04:00,106.33820343017578,104.1036,103.5658,0.5378000000000043,,
2021-03-16 09:45:00-04:00,107.0250015258789,104.4474,103.7712,0.6762000000000086,,
2021-03-16 10:00:00-04:00,107.54000091552734,104.844,104.0122,0.831799999999987,,
2021-03-16 10:15:00-04:00,107.9499969482422,105.2588,104.2735,0.9852999999999952,,
2021-03-16 10:30:00-04:00,108.5,105.6728,104.5458,1.1269999999999953,,
2021-03-16 10:45:00-04:00,107.66999816894531,106.1078,104.8387,1.2690999999999946,,
2021-03-16 11:00:00-04:00,108.41000366210938,106.3481,105.0484,1.2997000000000014,,
2021-03-16 11:15:00-04:00,108.0500030517578,106.6653,105.2974,1.367900000000006,,
2021-03-16 11:30:00-04:00,108.08999633789062,106.8783,105.5013,1.3769999999999953,,
2021-03-16 11:45:00-04:00,107.91500091552734,107.0647,105.6931,1.3716000000000008,,
2021-03-16 12:00:00-04:00,108.18000030517578,107.1955,105.8577,1.3378000000000014,,
2021-03-16 12:15:00-04:00,106.5500030517578,107.347,106.0297,1.3172999999999888,,
2021-03-16 12:30:00-04:00,107.40499877929688,107.2244,106.0682,1.1561999999999983,,
2021-03-16 12:45:00-04:00,107.30999755859376,107.2522,106.1672,1.085000000000008,,
2021-03-16 13:00:00-04:00,107.45999908447266,107.2611,106.2519,1.0091999999999928,,
2021-03-16 13:15:00-04:00,107.12000274658205,107.2917,106.3414,0.9503000000000128,,
2021-03-16 13:30:00-04:00,106.7300033569336,107.2653,106.3991,0.8661999999999921,,
2021-03-16 13:45:00-04:00,106.68000030517578,107.1829,106.4236,0.7593000000000103,,
2021-03-16 14:00:00-04:00,106.53500366210938,107.1055,106.4426,0.6629000000000076,,
2021-03-16 14:15:00-04:00,105.5749969482422,107.0177,106.4494,0.5683000000000078,,
2021-03-16 14:30:00-04:00,104.6948013305664,106.7957,106.3846,0.4110999999999905,,
2021-03-16 14:45:00-04:00,105.3000030517578,106.4725,106.2594,0.21309999999999718,,
2021-03-16 15:00:00-04:00,105.73999786376952,106.2921,106.1883,0.10380000000000678,,
2021-03-16 15:15:00-04:00,105.70999908447266,106.2072,106.1551,0.052099999999995816,,
2021-03-16 15:30:00-04:00,105.7699966430664,106.1307,106.1221,0.008600000000001273,,
2021-03-16 15:45:00-04:00,105.4800033569336,106.0752,106.096,-0.020800000000008367,,
2021-03-17 09:30:00-04:00,103.58999633789062,105.9836,106.0504,-0.06680000000000064,,
2021-03-17 09:45:00-04:00,105.0,105.6154,105.8681,-0.25270000000000437,,
2021-03-17 10:00:00-04:00,105.7300033569336,105.5207,105.8038,-0.28309999999999036,,
2021-03-17 10:15:00-04:00,105.8000030517578,105.5529,105.7983,-0.24540000000000362,,
2021-03-17 10:30:00-04:00,104.7249984741211,105.5909,105.7984,-0.20749999999999602,,
2021-03-17 10:45:00-04:00,105.4499969482422,105.4577,105.7189,-0.2612000000000023,,
2021-03-17 11:00:00-04:00,105.08000183105469,105.4565,105.699,-0.2424999999999926,,
2021-03-17 11:15:00-04:00,105.48999786376952,105.3986,105.6531,-0.25449999999999307,,
2021-03-17 11:30:00-04:00,104.45999908447266,105.4127,105.641,-0.2283000000000044,,
2021-03-17 11:45:00-04:00,104.70999908447266,105.2661,105.5535,-0.2874000000000052,,
2021-03-17 12:00:00-04:00,105.2300033569336,105.1805,105.491,-0.31050000000000466,,
2021-03-17 12:15:00-04:00,105.62000274658205,105.1881,105.4717,-0.28359999999999275,,
2021-03-17 12:30:00-04:00,104.9499969482422,105.2545,105.4827,-0.22820000000000107,,
2021-03-17 12:45:00-04:00,105.12000274658205,105.2077,105.4432,-0.23550000000000182,,
2021-03-17 13:00:00-04:00,105.33000183105469,105.1942,105.4193,-0.22510000000001185,,
2021-03-17 13:15:00-04:00,105.06999969482422,105.2151,105.4127,-0.19759999999999422,,
2021-03-17 13:30:00-04:00,105.12000274658205,105.1928,105.3873,-0.1944999999999908,,
2021-03-17 13:45:00-04:00,104.56999969482422,105.1816,105.3675,-0.18590000000000373,,
2021-03-17 14:00:00-04:00,106.2699966430664,105.0875,105.3084,-0.22090000000000032,,
2021-03-17 14:15:00-04:00,105.8000030517578,105.2694,105.3796,-0.11019999999999186,,
2021-03-17 14:30:00-04:00,107.47000122070312,105.351,105.4107,-0.059700000000006526,,
2021-03-17 14:45:00-04:00,107.19000244140624,105.677,105.5632,0.11380000000001189,,
2021-03-17 15:00:00-04:00,107.61000061035156,105.9098,105.6837,0.2261000000000024,,
2021-03-17 15:15:00-04:00,107.12000274658205,106.1714,105.8264,0.34499999999999886,,
2021-03-17 15:30:00-04:00,106.58499908447266,106.3173,105.9222,0.39509999999999934,,
2021-03-17 15:45:00-04:00,106.97000122070312,106.3585,105.9713,0.3872000000000071,0.0818,0.3054000000000071
2021-03-18 09:30:00-04:00,103.84500122070312,106.4526,106.0453,0.40730000000000643,0.0993,0.30800000000000644
2021-03-18 09:45:00-04:00,104.83499908447266,106.0514,105.8823,0.16910000000000025,0.1169,0.052200000000000246
2021-03-18 10:00:00-04:00,104.41000366210938,105.8643,105.8047,0.059600000000003206,0.1199,-0.0602999999999968
2021-03-18 10:15:00-04:00,104.86000061035156,105.6406,105.7014,-0.06080000000000041,0.1165,-0.1773000000000004
2021-03-18 10:30:00-04:00,104.56999969482422,105.5205,105.6391,-0.1186000000000007,0.1064,-0.2250000000000007
2021-03-18 10:45:00-04:00,104.44000244140624,105.3743,105.5599,-0.18559999999999377,0.0935,-0.2790999999999938
2021-03-18 11:00:00-04:00,104.55999755859376,105.2306,105.4769,-0.24630000000000507,0.0776,-0.3239000000000051
2021-03-18 11:15:00-04:00,105.44499969482422,105.1274,105.409,-0.2816000000000116,0.0591,-0.3407000000000116
2021-03-18 11:30:00-04:00,105.2300033569336,105.1763,105.4117,-0.2353999999999985,0.0396,-0.2749999999999985
2021-03-18 11:45:00-04:00,104.83000183105469,105.1846,105.3982,-0.21359999999999957,0.0239,-0.23749999999999957
2021-03-18 12:00:00-04:00,105.12999725341795,105.13,105.3561,-0.2261000000000024,0.0103,-0.2364000000000024
2021-03-18 12:15:00-04:00,105.56999969482422,105.13,105.3394,-0.20940000000000225,-0.0032,-0.20620000000000224
2021-03-18 12:30:00-04:00,105.16000366210938,105.1977,105.3565,-0.15879999999999939,-0.015,-0.14379999999999937
2021-03-18 12:45:00-04:00,104.45819854736328,105.1919,105.3419,-0.14999999999999147,-0.0232,-0.12679999999999148
2021-03-18 13:00:00-04:00,104.43000030517578,105.079,105.2764,-0.1974000000000018,-0.0304,-0.16700000000000179
2021-03-18 13:15:00-04:00,104.52999877929688,104.9792,105.2137,-0.23449999999999704,-0.0399,-0.19459999999999705
2021-03-18 13:30:00-04:00,104.63999938964844,104.9101,105.1631,-0.2530000000000001,-0.051,-0.20200000000000012
2021-03-18 13:45:00-04:00,104.87370300292969,104.8685,105.1244,-0.2558999999999969,-0.0625,-0.1933999999999969
2021-03-18 14:00:00-04:00,104.05999755859376,104.8693,105.1058,-0.2365000000000066,-0.0736,-0.1629000000000066
2021-03-18 14:15:00-04:00,103.3499984741211,104.7448,105.0283,-0.28350000000000364,-0.0829,-0.20060000000000364
2021-03-18 14:30:00-04:00,102.96510314941406,104.5302,104.904,-0.3738000000000028,-0.0944,-0.2794000000000028
2021-03-18 14:45:00-04:00,102.37000274658205,104.2894,104.7604,-0.47100000000000364,-0.1104,-0.36060000000000364
2021-03-18 15:00:00-04:00,102.4000015258789,103.9941,104.5833,-0.5891999999999911,-0.131,-0.45819999999999106
2021-03-18 15:15:00-04:00,102.52999877929688,103.7489,104.4216,-0.6726999999999919,-0.1572,-0.5154999999999919
2021-03-18 15:30:00-04:00,102.22000122070312,103.5614,104.2815,-0.720099999999988,-0.1867,-0.533399999999988
2021-03-18 15:45:00-04:00,101.55999755859376,103.355,104.1288,-0.7737999999999943,-0.2172,-0.5565999999999942
2021-03-19 09:30:00-04:00,100.97000122070312,103.0788,103.9385,-0.8597000000000037,-0.249,-0.6107000000000037
2021-03-19 09:45:00-04:00,101.37000274658205,102.7544,103.7186,-0.9641999999999911,-0.2839,-0.680299999999991
2021-03-19 10:00:00-04:00,101.08999633789062,102.5414,103.5446,-1.0032000000000068,-0.3228,-0.6804000000000068
2021-03-19 10:15:00-04:00,101.4000015258789,102.3181,103.3628,-1.0446999999999917,-0.3617,-0.6829999999999917
2021-03-19 10:30:00-04:00,102.41000366210938,102.1769,103.2174,-1.0404999999999944,-0.4007,-0.6397999999999944
2021-03-19 10:45:00-04:00,102.0500030517578,102.2128,103.1576,-0.9448000000000008,-0.4373,-0.5075000000000007
2021-03-19 11:00:00-04:00,102.44000244140624,102.1878,103.0756,-0.8877999999999986,-0.4663,-0.4214999999999986
2021-03-19 11:15:00-04:00,102.26000213623048,102.2266,103.0285,-0.8018999999999892,-0.4904,-0.3114999999999892
2021-03-19 11:30:00-04:00,102.87999725341795,102.2317,102.9716,-0.7398999999999916,-0.5082,-0.23169999999999158
2021-03-19 11:45:00-04:00,102.94499969482422,102.3314,102.9648,-0.6333999999999946,-0.5214,-0.11199999999999466
2021-03-19 12:00:00-04:00,103.28790283203124,102.4258,102.9633,-0.5375000000000085,-0.5278,-0.00970000000000848
2021-03-19 12:15:00-04:00,103.37000274658205,102.5584,102.9873,-0.4288999999999987,-0.5284,0.09950000000000125
2021-03-19 12:30:00-04:00,103.69110107421876,102.6833,103.0156,-0.3323000000000036,-0.5227,0.19039999999999646
2021-03-19 12:45:00-04:00,103.8499984741211,102.8383,103.0656,-0.2272999999999996,-0.5118,0.2845000000000004
2021-03-19 13:00:00-04:00,103.93000030517578,102.9939,103.1237,-0.12980000000000302,-0.4955,0.36569999999999697
2021-03-19 13:15:00-04:00,104.4250030517578,103.1379,103.1834,-0.04550000000000409,-0.4746,0.42909999999999593
2021-03-19 13:30:00-04:00,104.56999969482422,103.3359,103.2754,0.06049999999999045,-0.4501,0.5105999999999904
2021-03-19 13:45:00-04:00,104.38999938964844,103.5258,103.3713,0.15449999999999875,-0.4209,0.5753999999999988
2021-03-19 14:00:00-04:00,104.62000274658205,103.6588,103.4468,0.2120000000000033,-0.388,0.6000000000000033
2021-03-19 14:15:00-04:00,104.29000091552734,103.8067,103.5337,0.27300000000001035,-0.3537,0.6267000000000104
2021-03-19 14:30:00-04:00,103.93499755859376,103.8811,103.5897,0.2914000000000101,-0.3179,0.6093000000000102
2021-03-19 14:45:00-04:00,103.9800033569336,103.8894,103.6153,0.27409999999999,-0.2831,0.55719999999999
2021-03-19 15:00:00-04:00,103.37999725341795,103.9033,103.6423,0.2609999999999957,-0.2513,0.5122999999999958
2021-03-19 15:15:00-04:00,103.4000015258789,103.8228,103.6229,0.19989999999999952,-0.222,0.4218999999999995
2021-03-19 15:30:00-04:00,103.73999786376952,103.7578,103.6064,0.15140000000000953,-0.1979,0.3493000000000095
2021-03-19 15:45:00-04:00,102.87000274658205,103.7551,103.6163,0.13880000000000337,-0.1779,0.31670000000000337
2021-03-22 09:30:00-04:00,104.19000244140624,103.6189,103.561,0.057899999999989404,-0.1598,0.2176999999999894
2021-03-22 09:45:00-04:00,104.5999984741211,103.7068,103.6076,0.09919999999999618,-0.1474,0.24659999999999618
2021-03-22 10:00:00-04:00,104.1989974975586,103.8442,103.6811,0.16310000000000002,-0.1333,0.2964
2021-03-22 10:15:00-04:00,104.05999755859376,103.8988,103.7195,0.1792999999999978,-0.1164,0.2956999999999978
2021-03-22 10:30:00-04:00,104.70989990234376,103.9236,103.7447,0.17889999999999873,-0.0995,0.27839999999999876
2021-03-22 10:45:00-04:00,104.83000183105469,104.0446,103.8162,0.2284000000000077,-0.0836,0.3120000000000077
2021-03-22 11:00:00-04:00,105.22000122070312,104.1654,103.8913,0.27410000000000423,-0.0658,0.3399000000000042
2021-03-22 11:15:00-04:00,105.52999877929688,104.3276,103.9897,0.33790000000000475,-0.0464,0.38430000000000475
2021-03-22 11:30:00-04:00,105.93000030517578,104.5126,104.1038,0.4087999999999994,-0.0244,0.43319999999999936
2021-03-22 11:45:00-04:00,105.79000091552734,104.7307,104.2391,0.49160000000000537,0.0004,0.49120000000000535
2021-03-22 12:00:00-04:00,105.97550201416016,104.8937,104.354,0.5396999999999963,0.0285,0.5111999999999963
2021-03-22 12:15:00-04:00,106.2699966430664,105.0601,104.4741,0.5859999999999985,0.0577,0.5282999999999985
2021-03-22 12:30:00-04:00,106.58999633789062,105.2462,104.6071,0.6390999999999991,0.0879,0.5511999999999991
2021-03-22 12:45:00-04:00,106.58999633789062,105.4529,104.754,0.6988999999999947,0.1194,0.5794999999999948
2021-03-22 13:00:00-04:00,106.0999984741211,105.6278,104.89,0.7377999999999929,0.1525,0.5852999999999929
2021-03-22 13:15:00-04:00,106.38999938964844,105.7004,104.9796,0.720799999999997,0.1859,0.534899999999997
2021-03-22 13:30:00-04:00,106.47000122070312,105.8065,105.0841,0.7223999999999933,0.2165,0.5058999999999932
2021-03-22 13:45:00-04:00,106.63999938964844,105.9086,105.1868,0.7218000000000018,0.2454,0.47640000000000177
2021-03-22 14:00:00-04:00,105.9499969482422,106.0211,105.2944,0.7267000000000081,0.2726,0.4541000000000081
2021-03-22 14:15:00-04:00,105.98999786376952,106.0102,105.343,0.667199999999994,0.2985,0.36869999999999403
2021-03-22 14:30:00-04:00,105.88249969482422,106.0071,105.3909,0.6161999999999921,0.3196,0.2965999999999921
2021-03-22 14:45:00-04:00,105.77999877929688,105.9879,105.4273,0.5605999999999938,0.3365,0.22409999999999375
2021-03-22 15:00:00-04:00,105.6449966430664,105.9559,105.4534,0.5024999999999977,0.3493,0.15319999999999773
2021-03-22 15:15:00-04:00,105.28900146484376,105.9081,105.4676,0.4405000000000001,0.3581,0.08240000000000014
2021-03-22 15:30:00-04:00,105.33999633789062,105.8129,105.4544,0.35849999999999227,0.3628,-0.004300000000007742
2021-03-22 15:45:00-04:00,104.97000122070312,105.7401,105.4459,0.29420000000000357,0.3626,-0.06839999999999641
2021-03-23 09:30:00-04:00,105.0199966430664,105.6216,105.4106,0.21099999999999852,0.3587,-0.1477000000000015
2021-03-23 09:45:00-04:00,104.83999633789062,105.529,105.3817,0.14730000000000132,0.3503,-0.20299999999999868
2021-03-23 10:00:00-04:00,105.45999908447266,105.423,105.3416,0.08140000000000214,0.3387,-0.25729999999999786
2021-03-23 10:15:00-04:00,104.87000274658205,105.4287,105.3504,0.07830000000001291,0.324,-0.2456999999999871
2021-03-23 10:30:00-04:00,104.24500274658205,105.3427,105.3148,0.027899999999988268,0.31,-0.28210000000001173
2021-03-23 10:45:00-04:00,104.62999725341795,105.1738,105.2356,-0.061800000000005184,0.2939,-0.3557000000000052
2021-03-23 11:00:00-04:00,104.70999908447266,105.0901,105.1907,-0.10060000000000002,0.2736,-0.37420000000000003
2021-03-23 11:15:00-04:00,105.16999816894531,105.0316,105.1551,-0.12350000000000705,0.2522,-0.37570000000000703
2021-03-23 11:30:00-04:00,104.62999725341795,105.0529,105.1562,-0.10330000000000439,0.2307,-0.3340000000000044
2021-03-23 11:45:00-04:00,104.73999786376952,104.9878,105.1172,-0.12940000000000396,0.2116,-0.34100000000000397
2021-03-23 12:00:00-04:00,104.5,104.9497,105.0893,-0.1395999999999873,0.1921,-0.3316999999999873
2021-03-23 12:15:00-04:00,104.4000015258789,104.8805,105.0456,-0.16509999999999536,0.1731,-0.3381999999999954
2021-03-23 12:30:00-04:00,104.55999755859376,104.8066,104.9978,-0.19119999999999493,0.1538,-0.3449999999999949
2021-03-23 12:45:00-04:00,104.63999938964844,104.7687,104.9654,-0.19670000000000698,0.1341,-0.330800000000007
2021-03-23 13:00:00-04:00,104.7699966430664,104.7489,104.9413,-0.19239999999999213,0.1152,-0.3075999999999921
2021-03-23 13:15:00-04:00,104.5,104.7521,104.9286,-0.17650000000000432,0.0976,-0.27410000000000434
2021-03-23 13:30:00-04:00,103.86000061035156,104.7133,104.8969,-0.18359999999999843,0.0819,-0.2654999999999984
2021-03-23 13:45:00-04:00,103.83999633789062,104.582,104.8201,-0.23810000000000286,0.0667,-0.30480000000000285
2021-03-23 14:00:00-04:00,103.72000122070312,104.4678,104.7475,-0.2797000000000054,0.0493,-0.3290000000000054
2021-03-23 14:15:00-04:00,103.43000030517578,104.3528,104.6714,-0.31860000000000355,0.0305,-0.3491000000000035
2021-03-23 14:30:00-04:00,102.38999938964844,104.2108,104.5794,-0.3686000000000007,0.0106,-0.3792000000000007
2021-03-23 14:45:00-04:00,102.1449966430664,103.9307,104.4172,-0.4864999999999924,-0.0111,-0.4753999999999924
2021-03-23 15:00:00-04:00,102.22000122070312,103.656,104.2489,-0.5929000000000002,-0.0383,-0.5546000000000002
2021-03-23 15:15:00-04:00,102.16000366210938,103.4351,104.0986,-0.6634999999999991,-0.07,-0.593499999999999
2021-03-23 15:30:00-04:00,102.41999816894531,103.2389,103.955,-0.7160999999999973,-0.1039,-0.6121999999999973
2021-03-23 15:45:00-04:00,102.31999969482422,103.1129,103.8413,-0.7284000000000077,-0.1389,-0.5895000000000077
2021-03-24 09:30:00-04:00,105.73999786376952,102.9909,103.7286,-0.7377000000000038,-0.1726,-0.5651000000000038
2021-03-24 09:45:00-04:00,105.2300033569336,103.4138,103.8776,-0.4638000000000062,-0.2049,-0.25890000000000624
2021-03-24 10:00:00-04:00,105.1500015258789,103.6932,103.9778,-0.2845999999999975,-0.2197,-0.06489999999999752
2021-03-24 10:15:00-04:00,104.55999755859376,103.9173,104.0646,-0.14730000000000132,-0.2234,0.07609999999999867
2021-03-24 10:30:00-04:00,104.93000030517578,104.0162,104.1013,-0.08509999999999707,-0.2191,0.13400000000000292
2021-03-24 10:45:00-04:00,106.0999984741211,104.1568,104.1627,-0.005899999999996908,-0.2114,0.2055000000000031
2021-03-24 11:00:00-04:00,105.29000091552734,104.4558,104.3062,0.1495999999999924,-0.1997,0.3492999999999924
2021-03-24 11:15:00-04:00,105.04000091552734,104.5841,104.3791,0.2050000000000125,-0.1797,0.3847000000000125
2021-03-24 11:30:00-04:00,104.7750015258789,104.6542,104.4281,0.2261000000000024,-0.1577,0.3838000000000024
2021-03-24 11:45:00-04:00,104.96499633789062,104.6728,104.4538,0.2189999999999941,-0.1358,0.3547999999999941
2021-03-24 12:00:00-04:00,104.68499755859376,104.7178,104.4917,0.2261000000000024,-0.1155,0.3416000000000024
2021-03-24 12:15:00-04:00,104.83999633789062,104.7128,104.506,0.2068000000000012,-0.096,0.3028000000000012
2021-03-24 12:30:00-04:00,104.77999877929688,104.7324,104.5307,0.20170000000000243,-0.0787,0.2804000000000024
2021-03-24 12:45:00-04:00,104.36000061035156,104.7397,104.5492,0.1905000000000001,-0.0627,0.2532000000000001
2021-03-24 13:00:00-04:00,103.52999877929688,104.6813,104.5352,0.1460999999999899,-0.0482,0.1942999999999899
2021-03-24 13:15:00-04:00,104.33000183105469,104.5042,104.4607,0.04349999999999454,-0.0371,0.08059999999999454
2021-03-24 13:30:00-04:00,104.55500030517578,104.4774,104.451,0.026400000000009527,-0.0325,0.05890000000000953
2021-03-24 13:45:00-04:00,104.70500183105469,104.4893,104.4587,0.030600000000006844,-0.0291,0.059700000000006845
2021-03-24 14:00:00-04:00,105.61000061035156,104.5225,104.4769,0.0455999999999932,-0.0257,0.0712999999999932
2021-03-24 14:15:00-04:00,105.19499969482422,104.6898,104.5608,0.1290000000000049,-0.0216,0.1506000000000049
2021-03-24 14:30:00-04:00,104.97000122070312,104.7675,104.6078,0.15970000000000084,-0.013,0.17270000000000085
2021-03-24 14:45:00-04:00,104.61000061035156,104.7987,104.6346,0.1640999999999906,-0.0031,0.16719999999999058
2021-03-24 15:00:00-04:00,104.79000091552734,104.7697,104.6328,0.13689999999999714,0.0065,0.13039999999999713
2021-03-24 15:15:00-04:00,103.9000015258789,104.7728,104.6444,0.12839999999999918,0.014,0.11439999999999918
2021-03-24 15:30:00-04:00,103.43000030517578,104.6385,104.5893,0.04919999999999902,0.0205,0.02869999999999902
2021-03-24 15:45:00-04:00,102.56999969482422,104.4526,104.5034,-0.05079999999999529,0.0221,-0.0728999999999953
2021-03-25 09:30:00-04:00,101.54000091552734,104.163,104.3602,-0.19720000000000937,0.0179,-0.21510000000000937
2021-03-25 09:45:00-04:00,101.66999816894531,103.7595,104.1513,-0.3918000000000035,0.0056,-0.3974000000000035
2021-03-25 10:00:00-04:00,101.30999755859376,103.438,103.9675,-0.5294999999999987,-0.0171,-0.5123999999999987
2021-03-25 10:15:00-04:00,101.4000015258789,103.1106,103.7706,-0.6599999999999966,-0.0464,-0.6135999999999966
2021-03-25 10:30:00-04:00,100.75,102.8474,103.595,-0.7476000000000056,-0.0815,-0.6661000000000056
2021-03-25 10:45:00-04:00,100.30999755859376,102.5247,103.3843,-0.8596000000000004,-0.1196,-0.7400000000000003
2021-03-25 11:00:00-04:00,100.4800033569336,102.184,103.1566,-0.9725999999999999,-0.1619,-0.8107
2021-03-25 11:15:00-04:00,100.62999725341795,101.9218,102.9583,-1.0364999999999895,-0.2082,-0.8282999999999896
2021-03-25 11:30:00-04:00,101.08999633789062,101.7231,102.7858,-1.0626999999999924,-0.2555,-0.8071999999999924
2021-03-25 11:45:00-04:00,101.87999725341795,101.6257,102.6602,-1.0345000000000084,-0.3016,-0.7329000000000084
2021-03-25 12:00:00-04:00,101.6999969482422,101.6648,102.6024,-0.9376000000000033,-0.3435,-0.5941000000000033
2021-03-25 12:15:00-04:00,102.61000061035156,101.6702,102.5356,-0.8654000000000082,-0.3774,-0.48800000000000815
2021-03-25 12:30:00-04:00,102.58999633789062,101.8148,102.5411,-0.7262999999999948,-0.4053,-0.32099999999999485
2021-03-25 12:45:00-04:00,102.55500030517578,101.9341,102.5447,-0.6106000000000051,-0.4236,-0.18700000000000516
2021-03-25 13:00:00-04:00,103.0,102.0296,102.5455,-0.515900000000002,-0.4343,-0.081600000000002
2021-03-25 13:15:00-04:00,102.7699966430664,102.1789,102.5792,-0.40030000000000143,-0.439,0.03869999999999857
2021-03-25 13:30:00-04:00,102.6313018798828,102.2698,102.5933,-0.3234999999999957,-0.4368,0.11330000000000434
2021-03-25 13:45:00-04:00,102.24400329589844,102.3254,102.5961,-0.27070000000000505,-0.4303,0.15959999999999497
2021-03-25 14:00:00-04:00,101.79000091552734,102.3129,102.57,-0.2570999999999941,-0.4212,0.1641000000000059
2021-03-25 14:15:00-04:00,101.72000122070312,102.2325,102.5122,-0.2797000000000054,-0.4118,0.1320999999999946
2021-03-25 14:30:00-04:00,102.6050033569336,102.1537,102.4535,-0.29980000000000473,-0.4043,0.10449999999999526
2021-03-25 14:45:00-04:00,103.3550033569336,102.2231,102.4647,-0.24159999999999116,-0.3983,0.15670000000000883
2021-03-25 15:00:00-04:00,103.41999816894531,102.3972,102.5306,-0.13340000000000884,-0.3893,0.25589999999999113
2021-03-25 15:15:00-04:00,103.7300033569336,102.5546,102.5965,-0.04190000000001248,-0.3747,0.3327999999999875
2021-03-25 15:30:00-04:00,103.73999786376952,102.7354,102.6805,0.0549000000000035,-0.3557,0.4106000000000035
2021-03-25 15:45:00-04:00,103.87999725341795,102.89,102.759,0.13100000000000023,-0.3322,0.4632000000000002
2021-03-26 09:30:00-04:00,105.4800033569336,103.0423,102.842,0.2002999999999986,-0.3057,0.5059999999999987
2021-03-26 09:45:00-04:00,105.83999633789062,103.4173,103.0374,0.37989999999999213,-0.2768,0.6566999999999921
2021-03-26 10:00:00-04:00,106.75,103.79,103.245,0.5450000000000017,-0.2393,0.7843000000000018
2021-03-26 10:15:00-04:00,107.07689666748048,104.2454,103.5046,0.7408000000000072,-0.1945,0.9353000000000072
2021-03-26 10:30:00-04:00,107.5199966430664,104.681,103.7692,0.9117999999999995,-0.1411,1.0528999999999995
2021-03-26 10:45:00-04:00,106.69000244140624,105.1178,104.047,1.0708000000000055,-0.0809,1.1517000000000055
2021-03-26 11:00:00-04:00,106.48999786376952,105.3597,104.2428,1.1169000000000011,-0.0151,1.132000000000001
2021-03-26 11:15:00-04:00,106.6500015258789,105.5336,104.4093,1.1243000000000052,0.0496,1.074700000000005
2021-03-26 11:30:00-04:00,107.8499984741211,105.7054,104.5753,1.1300999999999988,0.111,1.0190999999999988
2021-03-26 11:45:00-04:00,108.1500015258789,106.0353,104.8179,1.217400000000012,0.1692,1.048200000000012
2021-03-26 12:00:00-04:00,107.99500274658205,106.3606,105.0647,1.2959000000000032,0.2291,1.066800000000003
2021-03-26 12:15:00-04:00,108.08999633789062,106.612,105.2818,1.3301999999999907,0.2901,1.0400999999999907
2021-03-26 12:30:00-04:00,108.61499786376952,106.8394,105.4898,1.3495999999999952,0.3495,1.0000999999999953
2021-03-26 12:45:00-04:00,108.24500274658205,107.1126,105.7213,1.391300000000001,0.4066,0.984700000000001
2021-03-26 13:00:00-04:00,108.0199966430664,107.2868,105.9082,1.3786000000000058,0.4629,0.9157000000000058
2021-03-26 13:15:00-04:00,108.49359893798828,107.3996,106.0646,1.335000000000008,0.5152,0.819800000000008
2021-03-26 13:30:00-04:00,107.55999755859376,107.5679,106.2445,1.3233999999999924,0.562,0.7613999999999923
2021-03-26 13:45:00-04:00,107.66999816894531,107.5667,106.3419,1.2248000000000019,0.6055,0.6193000000000018
2021-03-26 14:00:00-04:00,107.0,107.5826,106.4403,1.1423000000000059,0.6409,0.5014000000000058
2021-03-26 14:15:00-04:00,107.5250015258789,107.493,106.4818,1.011199999999988,0.6696,0.34159999999998814
2021-03-26 14:30:00-04:00,107.6050033569336,107.4979,106.5591,0.9388000000000005,0.6891,0.24970000000000048
2021-03-26 14:45:00-04:00,108.38500213623048,107.5144,106.6366,0.8777999999999935,0.7034,0.17439999999999345
2021-03-26 15:00:00-04:00,108.5999984741211,107.6483,106.7661,0.8822000000000116,0.7134,0.1688000000000116
2021-03-26 15:15:00-04:00,109.05999755859376,107.7947,106.9019,0.8928000000000083,0.723,0.16980000000000828
2021-03-26 15:30:00-04:00,108.80999755859376,107.9894,107.0618,0.9275999999999982,0.7327,0.19489999999999819
2021-03-26 15:45:00-04:00,110.04000091552734,108.1156,107.1913,0.9243000000000023,0.7438,0.18050000000000233
2021-03-29 09:30:00-04:00,109.25,108.4117,107.4023,1.0093999999999994,0.7541,0.2552999999999994
2021-03-29 09:45:00-04:00,108.15660095214844,108.5407,107.5392,1.0015000000000072,0.7687,0.2328000000000071
2021-03-29 10:00:00-04:00,106.9000015258789,108.4816,107.5849,0.8966999999999956,0.782,0.11469999999999558
2021-03-29 10:15:00-04:00,106.44000244140624,108.2383,107.5342,0.7040999999999968,0.7886,-0.08450000000000313
2021-03-29 10:30:00-04:00,106.87999725341795,107.9616,107.4531,0.508499999999998,0.7838,-0.2753000000000021
2021-03-29 10:45:00-04:00,106.58999633789062,107.7952,107.4106,0.38459999999999184,0.7681,-0.38350000000000817
2021-03-29 11:00:00-04:00,106.19000244140624,107.6098,107.3498,0.2600000000000051,0.7462,-0.48619999999999486
2021-03-29 11:15:00-04:00,106.43000030517578,107.3914,107.2639,0.12749999999999773,0.7184,-0.5909000000000023
2021-03-29 11:30:00-04:00,106.63500213623048,107.2435,107.2021,0.041399999999995885,0.6846,-0.6432000000000041
2021-03-29 11:45:00-04:00,106.81999969482422,107.1499,107.1601,-0.010199999999997544,0.6478,-0.6579999999999976
2021-03-29 12:00:00-04:00,106.31999969482422,107.0991,107.1349,-0.035799999999994725,0.6102,-0.6459999999999947
2021-03-29 12:15:00-04:00,106.45999908447266,106.9792,107.0745,-0.09529999999999461,0.5733,-0.6685999999999946
2021-03-29 12:30:00-04:00,107.0999984741211,106.8993,107.029,-0.1296999999999997,0.5351,-0.6647999999999997
2021-03-29 12:45:00-04:00,106.9800033569336,106.9302,107.0343,-0.10410000000000252,0.4971,-0.6012000000000025
2021-03-29 13:00:00-04:00,107.33999633789062,106.9379,107.0303,-0.09239999999999782,0.4627,-0.5550999999999978
2021-03-29 13:15:00-04:00,107.0199966430664,106.9998,107.0532,-0.05340000000001055,0.431,-0.48440000000001054
2021-03-29 13:30:00-04:00,107.01000213623048,107.0029,107.0507,-0.04780000000000939,0.4033,-0.4511000000000094
2021-03-29 13:45:00-04:00,106.79499816894531,107.004,107.0477,-0.04370000000000118,0.3775,-0.4212000000000012
2021-03-29 14:00:00-04:00,106.1750030517578,106.9718,107.029,-0.05719999999999459,0.3534,-0.4105999999999946
2021-03-29 14:15:00-04:00,106.13999938964844,106.8492,106.9657,-0.11650000000000205,0.3299,-0.4464000000000021
2021-03-29 14:30:00-04:00,105.06999969482422,106.7401,106.9045,-0.16440000000000055,0.3044,-0.46880000000000055
2021-03-29 14:45:00-04:00,105.22000122070312,106.4832,106.7686,-0.28540000000000987,0.2776,-0.5630000000000099
2021-03-29 15:00:00-04:00,106.58000183105469,106.2889,106.6539,-0.3649999999999949,0.2454,-0.610399999999995
2021-03-29 15:15:00-04:00,106.86000061035156,106.3337,106.6484,-0.314700000000002,0.2105,-0.525200000000002
2021-03-29 15:30:00-04:00,106.72000122070312,106.4147,106.6641,-0.2494000000000085,0.1805,-0.4299000000000085
2021-03-29 15:45:00-04:00,106.52999877929688,106.4617,106.6682,-0.20650000000000546,0.1559,-0.3624000000000055
2021-03-30 09:30:00-04:00,106.6999969482422,106.4722,106.658,-0.1858000000000004,0.1352,-0.3210000000000004
2021-03-30 09:45:00-04:00,107.55999755859376,106.5072,106.6611,-0.15390000000000725,0.1169,-0.27080000000000726
2021-03-30 10:00:00-04:00,107.45999908447266,106.6692,106.7277,-0.05849999999999511,0.1014,-0.1598999999999951
2021-03-30 10:15:00-04:00,106.95999908447266,106.7909,106.7819,0.009000000000000341,0.0923,-0.08329999999999965
2021-03-30 10:30:00-04:00,107.83999633789062,106.8169,106.7951,0.02179999999999893,0.0875,-0.06570000000000106
2021-03-30 10:45:00-04:00,107.75,106.9743,106.8725,0.10179999999999723,0.0837,0.01809999999999723
2021-03-30 11:00:00-04:00,108.20999908447266,107.0936,106.9375,0.15609999999999502,0.0847,0.07139999999999502
2021-03-30 11:15:00-04:00,108.0199966430664,107.2654,107.0318,0.2335999999999956,0.0888,0.1447999999999956
2021-03-30 11:30:00-04:00,108.05999755859376,107.3815,107.105,0.27649999999999864,0.0971,0.17939999999999862
2021-03-30 11:45:00-04:00,107.5999984741211,107.4859,107.1757,0.3101999999999947,0.1074,0.2027999999999947
2021-03-30 12:00:00-04:00,107.56999969482422,107.5035,107.2071,0.29640000000000555,0.119,0.17740000000000555
2021-03-30 12:15:00-04:00,107.77999877929688,107.5137,107.234,0.2797000000000054,0.1291,0.1506000000000054
2021-03-30 12:30:00-04:00,107.49440002441406,107.5547,107.2744,0.2802999999999969,0.1377,0.1425999999999969
2021-03-30 12:45:00-04:00,107.9000015258789,107.5454,107.2907,0.2546999999999997,0.1458,0.10889999999999969
2021-03-30 13:00:00-04:00,107.4000015258789,107.6,107.3358,0.2641999999999882,0.152,0.11219999999998823
2021-03-30 13:15:00-04:00,107.97000122070312,107.5692,107.3406,0.22860000000000014,0.1584,0.07020000000000012
2021-03-30 13:30:00-04:00,107.8499984741211,107.6309,107.3872,0.2436999999999898,0.1624,0.08129999999998982
2021-03-30 13:45:00-04:00,107.63999938964844,107.6646,107.4215,0.24309999999999832,0.167,0.07609999999999831
2021-03-30 14:00:00-04:00,107.90499877929688,107.6608,107.4377,0.22309999999998809,0.1713,0.05179999999998808
2021-03-30 14:15:00-04:00,108.24500274658205,107.6984,107.4723,0.2261000000000024,0.1743,0.0518000000000024
2021-03-30 14:30:00-04:00,108.41999816894531,107.7825,107.5295,0.2530000000000001,0.1773,0.0757000000000001
2021-03-30 14:45:00-04:00,109.01499938964844,107.8806,107.5955,0.2850999999999999,0.1816,0.1034999999999999
2021-03-30 15:00:00-04:00,109.0749969482422,108.0551,107.7006,0.3545000000000016,0.1875,0.1670000000000016
2021-03-30 15:15:00-04:00,109.09819793701172,108.212,107.8024,0.4095999999999975,0.197,0.2125999999999975
2021-03-30 15:30:00-04:00,109.08999633789062,108.3483,107.8984,0.4498999999999995,0.2091,0.24079999999999951
2021-03-30 15:45:00-04:00,108.91999816894531,108.4624,107.9867,0.47570000000000334,0.2229,0.25280000000000336
2021-03-31 09:30:00-04:00,111.660400390625,108.5328,108.0558,0.47699999999998965,0.2373,0.23969999999998964
2021-03-31 09:45:00-04:00,111.80999755859376,109.014,108.3228,0.6911999999999949,0.251,0.44019999999999493
2021-03-31 10:00:00-04:00,111.52999877929688,109.4442,108.5811,0.8630999999999887,0.2762,0.5868999999999887
2021-03-31 10:15:00-04:00,110.91999816894531,109.7651,108.7995,0.9656000000000091,0.3097,0.6559000000000091
2021-03-31 10:30:00-04:00,111.13500213623048,109.9428,108.9566,0.9862000000000108,0.3472,0.6390000000000109
2021-03-31 10:45:00-04:00,111.58000183105469,110.1262,109.118,1.0082000000000022,0.3837,0.6245000000000023
2021-03-31 11:00:00-04:00,111.77999877929688,110.3499,109.3004,1.049500000000009,0.4194,0.630100000000009
2021-03-31 11:15:00-04:00,112.37999725341795,110.5699,109.4841,1.085800000000006,0.4554,0.6304000000000061
2021-03-31 11:30:00-04:00,111.4499969482422,110.8484,109.6986,1.149799999999999,0.4914,0.658399999999999
2021-03-31 11:45:00-04:00,111.93000030517578,110.941,109.8283,1.1127000000000038,0.529,0.5837000000000038
2021-03-31 12:00:00-04:00,112.37000274658205,111.0932,109.984,1.1092000000000013,0.5624,0.5468000000000013
2021-03-31 12:15:00-04:00,112.55500030517578,111.2896,110.1607,1.1288999999999874,0.5936,0.5352999999999873
2021-03-31 12:30:00-04:00,112.47010040283205,111.4843,110.3381,1.1462000000000074,0.6242,0.5220000000000075
2021-03-31 12:45:00-04:00,112.5199966430664,111.636,110.496,1.1400000000000006,0.654,0.48600000000000054
2021-03-31 13:00:00-04:00,112.65499877929688,111.772,110.6459,1.126100000000008,0.6818,0.44430000000000813
2021-03-31 13:15:00-04:00,112.73999786376952,111.9078,110.7947,1.1130999999999887,0.7072,0.4058999999999886
2021-03-31 13:30:00-04:00,112.79000091552734,112.0358,110.9388,1.0969999999999942,0.7304,0.36659999999999415
2021-03-31 13:45:00-04:00,113.12000274658205,112.1518,111.0759,1.07589999999999,0.7513,0.3245999999999901
2021-03-31 14:00:00-04:00,112.87000274658205,112.3008,111.2273,1.0734999999999957,0.7698,0.30369999999999564
2021-03-31 14:15:00-04:00,113.47000122070312,112.3884,111.349,1.0394000000000005,0.7872,0.25220000000000053
2021-03-31 14:30:00-04:00,112.8499984741211,112.5548,111.5061,1.0486999999999966,0.8016,0.24709999999999666
2021-03-31 14:45:00-04:00,112.49500274658205,112.6002,111.6056,0.9946000000000055,0.8157,0.1789000000000055
2021-03-31 15:00:00-04:00,112.75,112.584,111.6715,0.9125000000000085,0.8259,0.08660000000000856
2021-03-31 15:15:00-04:00,112.66000366210938,112.6095,111.7514,0.8580999999999932,0.8308,0.02729999999999322
2021-03-31 15:30:00-04:00,112.62999725341795,112.6173,111.8187,0.7985999999999933,0.8324,-0.033800000000006714
2021-03-31 15:45:00-04:00,111.81999969482422,112.6193,111.8788,0.7404999999999973,0.8305,-0.09000000000000274
2021-04-01 09:30:00-04:00,116.98999786376952,112.4963,111.8744,0.6219000000000108,0.8254,-0.20349999999998925
2021-04-01 09:45:00-04:00,116.4499969482422,113.1876,112.2533,0.9343000000000075,0.8138,0.12050000000000749
2021-04-01 10:00:00-04:00,118.37000274658205,113.6895,112.5642,1.1252999999999957,0.8207,0.30459999999999576
2021-04-01 10:15:00-04:00,119.5261001586914,114.4096,112.9943,1.415300000000002,0.8381,0.577200000000002
2021-04-01 10:30:00-04:00,119.93000030517578,115.1968,113.4781,1.7186999999999983,0.8711,0.8475999999999984
2021-04-01 10:45:00-04:00,119.18499755859376,115.925,113.956,1.968999999999994,0.9195,1.049499999999994
2021-04-01 11:00:00-04:00,118.36000061035156,116.4265,114.3433,2.083200000000005,0.9795,1.103700000000005
2021-04-01 11:15:00-04:00,118.1750030517578,116.724,114.6408,2.083200000000005,1.0426,1.040600000000005
2021-04-01 11:30:00-04:00,118.1999969482422,116.9472,114.9026,2.0445999999999884,1.1021,0.9424999999999883
2021-04-01 11:45:00-04:00,117.55999755859376,117.1399,115.1469,1.992999999999995,1.156,0.8369999999999951
2021-04-01 12:00:00-04:00,118.04000091552734,117.2045,115.3256,1.8789000000000016,1.2038,0.6751000000000016
2021-04-01 12:15:00-04:00,118.61000061035156,117.333,115.5267,1.8062999999999931,1.2424,0.5638999999999932
2021-04-01 12:30:00-04:00,118.4800033569336,117.5295,115.7551,1.7744,1.2746,0.4998
2021-04-01 12:45:00-04:00,118.7699966430664,117.6757,115.9569,1.7188000000000017,1.3032,0.41560000000000175
2021-04-01 13:00:00-04:00,118.45999908447266,117.8441,116.1653,1.6787999999999954,1.3269,0.35189999999999544
2021-04-01 13:15:00-04:00,117.6500015258789,117.9389,116.3353,1.6036000000000001,1.347,0.25660000000000016
2021-04-01 13:30:00-04:00,117.86000061035156,117.8945,116.4327,1.4617999999999967,1.3617,0.10009999999999675
2021-04-01 13:45:00-04:00,117.875,117.8892,116.5384,1.3508000000000067,1.3674,-0.016599999999993287
2021-04-01 14:00:00-04:00,118.11000061035156,117.887,116.6374,1.249600000000001,1.3665,-0.11689999999999912
2021-04-01 14:02:17-04:00,118.19499969482422,117.9213,116.7465,1.1748000000000047,1.3598,-0.18499999999999517
